date,source,value,window_7d_mean,window_30d_mean
2018-01-01,vri,0.000183864348874048,,
2018-01-02,vri,0.000167597885561325,,
2018-01-03,vri,0.000215179589983766,,
2018-01-04,vri,0.000190857957053069,0.000177059954440831,
2018-01-05,vri,0.000143463791817835,0.000174315005007162,
2018-01-06,vri,0.000161924732566321,0.000170880594997105,
2018-01-07,vri,0.000176531375229455,0.000165439248307408,
2018-01-08,vri,0.000164649702838365,0.000166239714534472,
2018-01-09,vri,0.000143557015490926,0.000168407673023934,
2018-01-10,vri,0.000177090163155888,0.000170487791001932,
2018-01-11,vri,0.000196461220642514,0.000174360370926451,
2018-01-12,vri,0.00015863950124407,0.0001778602665678,
2018-01-13,vri,0.000176485558412308,0.000178198583121309,
2018-01-14,vri,0.000203639434701089,0.00017308881043536,
2018-01-15,vri,0.000189148972327805,0.000170387149368082,0.000170702691290072
2018-01-16,vri,0.000145925231365489,0.000171533990234995,0.000168957388247965
2018-01-17,vri,0.000141321754354243,0.000166267707031309,0.000170942583711402
2018-01-18,vri,0.000177549593171572,0.000166329155464613,0.000168707441691332
2018-01-19,vri,0.000166667387312456,0.000161177182078323,0.000167486682804456
2018-01-20,vri,0.00013962157598651,0.000161277901032036,0.000168187418039336
2018-01-21,vri,0.000204069573734213,0.000163670204079627,0.000167654847041683
2018-01-22,vri,0.00015308515862378,0.000161487755852405,0.000166973701648933
2018-01-23,vri,0.000146630264041477,0.000159987476376717,0.00016603526887625
2018-01-24,vri,0.000158067875687383,0.00016760015993046,0.000166126958010589
2018-01-25,vri,0.000162272455581018,0.00016516282605263,0.000166949737895053
2018-01-26,vri,0.000156165430982638,0.00016816419730533,0.000165273456672445
2018-01-27,vri,0.000192910360862712,0.000171016992887662,0.000164328223316313
2018-01-28,vri,0.000187008236589402,0.000167222333162441,0.000164286798512358
2018-01-29,vri,0.000174094757392682,0.000176491089431502,0.000163103421251512
2018-01-30,vri,0.000166599833117799,0.000175342503488505,0.000161934529253912
2018-01-31,vri,0.000131505257610836,0.000169817479143375,0.000161902013311086
2018-02-01,vri,0.000227153749464441,0.000166599995182635,0.000162309170433335
2018-02-02,vri,0.00014812532938166,0.00016257897307464,0.000161174354806537
2018-02-03,vri,0.000154235190446804,0.00016107857026452,0.000161416924946117
2018-02-04,vri,0.000164485848864222,0.000161791636271239,0.000161834559605802
2018-02-05,vri,0.00014594760263672,0.000150242199136479,0.000160732383728828
2018-02-06,vri,0.000156097013446957,0.00015790623203764,0.00016054260238201
2018-02-07,vri,0.000136496719657871,0.000156754459682994,0.000161019638347477
2018-02-08,vri,0.000146307689521122,0.000151868267068123,0.000161336344785062
2018-02-09,vri,0.000201773559689788,0.000156053297304825,0.000160444487173309
2018-02-10,vri,0.000146172783964278,0.000157773454937505,0.000162606993781487
2018-02-11,vri,0.000130282500560126,0.000160285668186354,0.000162195643741852
2018-02-12,vri,0.000175242814293632,0.000160091677266293,0.000159502675238889
2018-02-13,vri,0.000168138116875715,0.000153200664170853,0.000159264496238049
2018-02-14,vri,0.000154082212399816,0.000152819569942763,0.000158592474944872
2018-02-15,vri,0.000144949753080694,0.000159056997219865,0.000160270348849023
2018-02-16,vri,0.000153536468021713,0.000155758111717501,0.000158672747556605
2018-02-17,vri,0.000143505124367647,0.000156167566081684,0.000160030312454846
2018-02-18,vri,0.000173944491499841,0.000155211781198743,0.000160741590537472
2018-02-19,vri,0.000152150615777082,0.000157496294045144,0.000160077239848877
2018-02-20,vri,0.000171004297424992,0.000159500951301318,0.000160285933023724
2018-02-21,vri,0.000147391718219231,0.000158359751709999,0.000159886654007817
2018-02-22,vri,0.000160941343005499,0.000165087771385446,0.000160959604784591
2018-02-23,vri,0.00016756906881493,0.000169147663370673,0.000161322728421912
2018-02-24,vri,0.000135516727228417,0.000159892646810033,0.000160640260680589
2018-02-25,vri,0.000221040629227969,0.000162686599545498,0.000160831933610055
2018-02-26,vri,0.000180569859673673,0.000160614864019353,0.00016191220969837
2018-02-27,vri,0.000106219181500509,0.000162653779150843,0.000160804999555568
2018-02-28,vri,0.000166949387367486,0.00016889791964563,0.000159706446637082
2018-03-01,vri,0.000146439194322483,0.000164299583517188,0.000159997700748145
2018-03-02,vri,0.000181841474735365,0.000163585822553175,0.000159828984029003
2018-03-03,vri,0.000179225710691923,0.000169062414939728,0.000161192334947021
2018-03-04,vri,0.000188852276328875,0.000166956559298964,0.000162446828618316
2018-03-05,vri,0.000175573532925588,0.000166625051962856,0.000162121892125348
2018-03-06,vri,0.000144555328206378,0.000164745590280816,0.000162831286139925
2018-03-07,vri,0.000152208397882134,0.000161599259987792,0.000161732234988424
2018-03-08,vri,0.00014411864296973,0.000160520295862254,0.000162082105453597
2018-03-09,vri,0.000168685242961082,0.000157141644279779,0.000162508819456488
2018-03-10,vri,0.000157201398640761,0.000159732423565951,0.000161970897464561
2018-03-11,vri,0.000181299527450109,0.000158277868155582,0.000162875573697527
2018-03-12,vri,0.000151922971848259,0.000157001137634353,0.000162276697760937
2018-03-13,vri,0.000162690783209582,0.000156163222315873,0.00016131738448811
2018-03-14,vri,0.000142026510009552,0.000153689915582399,0.000162701114917304
2018-03-15,vri,0.000135181529321127,0.000155566696741273,0.000162196530758326
2018-03-16,vri,0.000162819835731721,0.000159740548549596,0.000163203563320323
2018-03-17,vri,0.000139888251506444,0.000159955636192625,0.000162298188240497
2018-03-18,vri,0.000194436995562229,0.000164442197079034,0.000162309576928701
2018-03-19,vri,0.000181139934506519,0.000164849516158866,0.000159219179433742
2018-03-20,vri,0.000164196396710782,0.00016414494422211,0.00016000064102547
2018-03-21,vri,0.000173432436214412,0.000168981303020076,0.000159387931772973
2018-03-22,vri,0.000138032762879952,0.000162837647805064,0.000160266333258257
2018-03-23,vri,0.000157887832174429,0.000160197230620901,0.000160300722566858
2018-03-24,vri,0.000173742763092211,0.0001657512241094,0.000159015635280738
2018-03-25,vri,0.000151431409057141,0.000162659513434323,0.000157852650738253
2018-03-26,vri,0.000162657014217376,0.000164044989362377,0.000156997681702679
2018-03-27,vri,0.000203074351130276,0.000163176993708619,0.000157935247594209
2018-03-28,vri,0.000151790461488874,0.000163592337721502,0.00015732158230958
2018-03-29,vri,0.000147731094376334,0.000164056453904851,0.000158344185583468
2018-03-30,vri,0.00015181186259812,0.000166472219207805,0.000159262488364707
2018-03-31,vri,0.000176650171182397,0.000151195933543495,0.000161103766713573
2018-04-01,vri,0.00015468022234058,0.000157942636284716,0.000162190545228053
2018-04-02,vri,0.000179567371338053,0.000154863058606878,0.000162930999082179
2018-04-03,vri,9.61403514801087e-05,0.000158684284298669,0.000164987954635813
2018-04-04,vri,0.000199017380677418,0.000154184305876579,0.000171026683747827
2018-04-05,vri,0.000126174050631468,0.000150677506167564,0.000174787993633692
2018-04-06,vri,0.000178560442440656,0.000142498147743015,0.000183780073776141
2018-04-07,vri,0.000145150322227769,0.000150999591300554,0.000194599149555109
2018-04-08,vri,0.000130132624377474,0.000148289958145806,0.000205027616351751
2018-04-09,vri,0.000122311862366208,0.000150876640151411,0.000221525351717524
2018-04-10,vri,0.000155650456382883,0.000150040092406487,0.000278548471028968
2018-04-11,vri,0.000180049948594182,0.000152551562482277,0.000331233495944163
2018-04-12,vri,0.000144280824670705,0.000165112357028024,0.000423115400638085
2018-04-13,vri,0.000172704608226189,0.000172280891967258,0.00050552309839496
2018-04-14,vri,0.000162730612758297,0.000180995199796277,0.000538060113153726
2018-04-15,vri,0.000218058186197707,0.000189966435870756,0.000569512526246526
2018-04-16,vri,0.000172491606940847,0.000218691785213682,0.000605570816270648
2018-04-17,vri,0.000216650611186013,0.000234915660151422,0.000625926800220906
2018-04-18,vri,0.000242848601115535,0.000269924882207868,0.000658654265211125
2018-04-19,vri,0.000345358270071185,0.00030769658497155,0.000676012879186631
2018-04-20,vri,0.000286271732790371,0.000352568750693068,0.000723101717154402
2018-04-21,vri,0.00040779516715342,0.000413956301956539,0.000787836802344144
2018-04-22,vri,0.00048246010554348,0.000646885158020135,0.00091299351793098
2018-04-23,vri,0.000486596766991474,0.000852351847807984,0.00107697463701811
2018-04-24,vri,0.000646363470030306,0.00122691982916744,0.00123672491675111
2018-04-25,vri,0.00187335059356071,0.00154294366630017,0.00140983001841433
2018-04-26,vri,0.00178362509858612,0.00163515255198841,0.00167602457007787
2018-04-27,vri,0.00290824760230654,0.00172567052298482,0.00192088145546729
2018-04-28,vri,0.00261996202708259,0.00180996558770395,0.00205700366451067
2018-04-29,vri,0.00112792230536109,0.00165523648717325,0.00216484412385469
2018-04-30,vri,0.0011202225639664,0.00155442780183048,0.00233426116708293
2018-05-01,vri,0.00123642892306422,0.00124178897292134,0.00254927375766691
2018-05-02,vri,0.000790246889845798,0.0010873428532902,0.00277118350206231
2018-05-03,vri,0.00107796430118668,0.00122915580940046,0.00303313641687336
2018-05-04,vri,0.000719775799942612,0.00162624569880995,0.00332421061277481
2018-05-05,vri,0.00153883918966459,0.00217097959508527,0.00367952341536278
2018-05-06,vri,0.00212061299813291,0.0027602043614439,0.00398136959453684
2018-05-07,vri,0.00389985178983283,0.0033703242478857,0.0043766444040523
2018-05-08,vri,0.00504956619699144,0.00443405434767968,0.00494678803448962
2018-05-09,vri,0.00491482025435621,0.00528421837577807,0.00558749320785801
2018-05-10,vri,0.00534880350627931,0.00558932664454875,0.00593034149027503
2018-05-11,vri,0.00816588649850043,0.00551762558786961,0.00660088307919475
2018-05-12,vri,0.00748998738635336,0.00555348320016296,0.00722453980466156
2018-05-13,vri,0.00425637087952769,0.00579749021017784,0.0081330529615553
2018-05-14,vri,0.00339794439307881,0.00601536727257336,0.00917138952319459
2018-05-15,vri,0.00530056948304489,0.00600616006499428,0.0101638456208398
2018-05-16,vri,0.00662286932446041,0.00623295960224589,0.0114687761403811
2018-05-17,vri,0.00687394294304795,0.0071885717352319,0.0130112934400402
2018-05-18,vri,0.00810143604544686,0.00805503404227422,0.014736662797154
2018-05-19,vri,0.00907758414711466,0.00906076760055456,0.0161996312870887
2018-05-20,vri,0.0109456558104297,0.0106276299370761,0.017915983820526
2018-05-21,vri,0.00946318054237501,0.012483855041081,0.0198242923969769
2018-05-22,vri,0.0123407043910073,0.0130634783297416,0.0212846816425777
2018-05-23,vri,0.017590905680111,0.0148952338467506,0.0227339443734353
2018-05-24,vri,0.0198675186710822,0.0164198472118765,0.02448851727355
2018-05-25,vri,0.0121587990660713,0.0193358723820936,0.025700400515916
2018-05-26,vri,0.0218998727661778,0.0221840602054554,0.0271374109705898
2018-05-27,vri,0.0216179493663107,0.0240844887502001,0.0288062731642684
2018-05-28,vri,0.0298753567338949,0.0270154638699457,0.03089053319021
2018-05-29,vri,0.0322780191545398,0.0320021734147381,0.0334662419616115
2018-05-30,vri,0.0308939054933237,0.0364220551645131,0.0366038898990116
2018-05-31,vri,0.040384344509302,0.0397064667547518,0.0394018942540442
2018-06-01,vri,0.0470657658796181,0.0430141893917362,0.0425273312232602
2018-06-02,vri,0.0528390450146026,0.046884453839896,0.0459007121687984
2018-06-03,vri,0.0446088304979816,0.049286971506258,0.0487850137088246
2018-06-04,vri,0.0530294151927856,0.0504502720224606,0.0512828041912827
2018-06-05,vri,0.0593698702916586,0.0519483065050574,0.0538589939512547
2018-06-06,vri,0.0477115291578573,0.0503577716140083,0.0557988232840903
2018-06-07,vri,0.0485274481227207,0.0513102529912559,0.05798900005758
2018-06-08,vri,0.0575520072577956,0.0519568869918168,0.0604276318252458
2018-06-09,vri,0.0417053007772585,0.0530160729012623,0.0630890197200879
2018-06-10,vri,0.0512762001387147,0.0577243126694431,0.0655405057109916
2018-06-11,vri,0.0575558531967124,0.0649961068812038,0.0680907531718708
2018-06-12,vri,0.0667841716577767,0.0697119629837246,0.0700472237688486
2018-06-13,vri,0.0806692075351229,0.0781307845897631,0.0724673118726741
2018-06-14,vri,0.0994300076050462,0.086420308057317,0.0750949715769757
2018-06-15,vri,0.0905629999754409,0.0918561333646295,0.0768342665587915
2018-06-16,vri,0.100637052019528,0.0945840188826863,0.0788453131166252
2018-06-17,vri,0.109302864411592,0.0954525425693167,0.0812194536185911
2018-06-18,vri,0.0956066303478992,0.0913247678223207,0.0828507309031057
2018-06-19,vri,0.0858793702841746,0.0902866548093724,0.0842915226549854
2018-06-20,vri,0.0867488733415354,0.0891994290495904,0.0855023582317565
2018-06-21,vri,0.0705355843760746,0.0867276535495536,0.0873243262980926
2018-06-22,vri,0.0832962088848027,0.0867044852846092,0.0890149558243712
2018-06-23,vri,0.0930264717010538,0.0884539142715396,0.0894088461795572
2018-06-24,vri,0.092000435911335,0.0887140001717816,0.0907235073578895
2018-06-25,vri,0.0954444524932883,0.0936204398708144,0.0920130524907098
2018-06-26,vri,0.0981253731926873,0.0973957952618959,0.0937210254452805
2018-06-27,vri,0.0885694746432292,0.0973296127279989,0.0942610012449289
2018-06-28,vri,0.104880662269305,0.0995291451141837,0.0940671776402892
2018-06-29,vri,0.109723696622373,0.103617546197082,0.0929070611857141
2018-06-30,vri,0.0925631939637746,0.10296351417433,0.0929682167846497
2018-07-01,vri,0.107397162614629,0.104061184618037,0.0935584624613852
2018-07-02,vri,0.124063260073579,0.102748938235963,0.0932787042851615
2018-07-03,vri,0.0935471490334189,0.101698491739616,0.0932899262515345
2018-07-04,vri,0.0962531677491775,0.102653226017802,0.0934570869752035
2018-07-05,vri,0.095694937594791,0.0972205910604802,0.0932517753804675
2018-07-06,vri,0.10237057114794,0.0910894304967159,0.0939824079154227
2018-07-07,vri,0.0992463339110795,0.0905773455095592,0.0950789348488409
2018-07-08,vri,0.069368717913375,0.0923690418073672,0.0956905338459723
2018-07-09,vri,0.0811451361272292,0.0905531143862871,0.0959166925087731
2018-07-10,vri,0.0899625541233221,0.0866222469931432,0.0946379176582713
2018-07-11,vri,0.108795041833833,0.0816765584298163,0.0932342199460071
2018-07-12,vri,0.0829834456472306,0.084966408434121,0.0922754291584473
2018-07-13,vri,0.0748544993959325,0.0902805921761733,0.0914216434024858
2018-07-14,vri,0.0646265139677918,0.0918445300335385,0.0904399399670803
2018-07-15,vri,0.0923976679435078,0.0900085653914324,0.0894792734583781
2018-07-16,vri,0.118344422321595,0.0911386720124345,0.0874837287187155
2018-07-17,vri,0.100910119124879,0.091957961455795,0.0846958156351036
2018-07-18,vri,0.0959432893390905,0.0959333966639288,0.0826502890167494
2018-07-19,vri,0.0908941919942455,0.099332589370192,0.0802825342335072
2018-07-20,vri,0.0805895254994556,0.0983368778406777,0.0778223209322302
2018-07-21,vri,0.0924545604247289,0.0980333173650321,0.0750210347810033
2018-07-22,vri,0.11619201688735,0.0924815913134814,0.0724008158457675
2018-07-23,vri,0.111374441614995,0.0874987698606979,0.0708649835535035
2018-07-24,vri,0.0987851957953594,0.0845296592202663,0.0689671660965072
2018-07-25,vri,0.0570812069782357,0.0826457348153707,0.0673197168258414
2018-07-26,vri,0.0560144418247611,0.0775143886257791,0.0648310403832226
2018-07-27,vri,0.0598057510164343,0.0707099253525953,0.0631668989362337
2018-07-28,vri,0.0792670895904594,0.0633878717282229,0.061794616080918
2018-07-29,vri,0.0802725935602087,0.0610085375263636,0.0608668524863644
2018-07-30,vri,0.0637431987027087,0.0576038101917967,0.0592746014551475
2018-07-31,vri,0.0475308204247525,0.0526630635111506,0.0565398155620791
2018-08-01,vri,0.0404258675652203,0.0444661276491539,0.0544302890499377
2018-08-02,vri,0.0321813504827933,0.0356174695135713,0.0527319335293986
2018-08-03,vri,0.0252205242519113,0.0294598362494709,0.0510029943145667
2018-08-04,vri,0.0218885385564823,0.0259973974952857,0.0492438958759299
2018-08-05,vri,0.018331986611131,0.0236809324741598,0.0470619471827176
2018-08-06,vri,0.0206397658540056,0.0248748932628106,0.0438725867782581
2018-08-07,vri,0.0232937491454559,0.0261483538775758,0.0408813428578063
2018-08-08,vri,0.0242106124173391,0.0277441629748732,0.0382717069968279
2018-08-09,vri,0.040539076003349,0.029937595421349,0.0373926579331554
2018-08-10,vri,0.0341347485552677,0.0322452868895173,0.0367470956035717
2018-08-11,vri,0.0330592022375642,0.0352933422983094,0.0362241050476114
2018-08-12,vri,0.0336860137364617,0.037020518457196,0.0355158366129734
2018-08-13,vri,0.0367936061311835,0.0366041252796655,0.0343752203662222
2018-08-14,vri,0.0446301370070006,0.0381552503036153,0.0340561873870196
2018-08-15,vri,0.0363008455295452,0.0390076522052903,0.0342908135894459
2018-08-16,vri,0.0376243237606355,0.0381691605772747,0.0355704314240405
2018-08-17,vri,0.0449926237229164,0.0367695167911569,0.0370649402691809
2018-08-18,vri,0.0390260155492891,0.033323955040666,0.0386675851340842
2018-08-19,vri,0.0278165723403523,0.0312291376795085,0.0413960236468145
2018-08-20,vri,0.0269960996283593,0.028782251423133,0.0443951094492203
2018-08-21,vri,0.0205112047535642,0.0267418387581536,0.0472506690313933
2018-08-22,vri,0.0216371240014426,0.0264020610992908,0.0504925500531946
2018-08-23,vri,0.0204961199660072,0.0287305556703297,0.0533585378887257
2018-08-24,vri,0.0307097350680602,0.0331624038021814,0.0558536602392472
2018-08-25,vri,0.0366475719372502,0.0368113897170541,0.0583847960289097
2018-08-26,vri,0.0441160343376244,0.0414592590492237,0.0609050533452548
2018-08-27,vri,0.0580190365513213,0.0463268999823,0.0629383964856228
2018-08-28,vri,0.0460541061576726,0.0531989953444425,0.0653034405237763
2018-08-29,vri,0.0541722093266302,0.0589660016158361,0.067383521461734
2018-08-30,vri,0.0545696064975414,0.0631351210246057,0.0698847873774959
2018-08-31,vri,0.0788144026030573,0.0696669292227584,0.0718447025390007
2018-09-01,vri,0.0770166158370053,0.0785598512978489,0.0741807697060251
2018-09-02,vri,0.0732998701990118,0.086007614725358,0.0766554308398776
2018-09-03,vri,0.10374169393839,0.0954334109113513,0.0799221138620902
2018-09-04,vri,0.108304560683307,0.0999156744656678,0.0828469384065333
2018-09-05,vri,0.106306553319193,0.105397978848809,0.0848300709392667
2018-09-06,vri,0.120550179799495,0.110650686283971,0.0872963316350004
2018-09-07,vri,0.110190247483273,0.111354290253903,0.0902794305420986
2018-09-08,vri,0.115392746518995,0.109408825577359,0.0928079236388825
2018-09-09,vri,0.110068822245143,0.109614307571159,0.0953115598949741
2018-09-10,vri,0.108666921727916,0.107683219763479,0.0966873548292627
2018-09-11,vri,0.0946863079475015,0.107847301980497,0.0979425161856468
2018-09-12,vri,0.10774492727579,0.10513716370718,0.0995974560719147
2018-09-13,vri,0.107032565145731,0.105852280348396,0.100648116477144
2018-09-14,vri,0.111338823002402,0.106509270039388,0.101769736713677
2018-09-15,vri,0.0964217786057774,0.110956520762135,0.102765447249209
2018-09-16,vri,0.115074638733651,0.111955936288686,0.102945359419969
2018-09-17,vri,0.113265849564863,0.108094881372949,0.102507809426768
2018-09-18,vri,0.125817063006729,0.105850041640242,0.101443248055186
2018-09-19,vri,0.114740835961652,0.107788228579267,0.100862518950417
2018-09-20,vri,0.0800051807355694,0.106572498470399,0.101109083726727
2018-09-21,vri,0.0956249448734508,0.106356899906847,0.101053908977474
2018-09-22,vri,0.109989087178953,0.100581588386784,0.100122673068729
2018-09-23,vri,0.106564527971577,0.0978577371412394,0.0988241466422032
2018-09-24,vri,0.111756659619999,0.100100183142688,0.0985666307918232
2018-09-25,vri,0.0853898823662832,0.0986811940869804,0.098879827316275
2018-09-26,vri,0.0956738772428432,0.0955710692890655,0.100015211688724
2018-09-27,vri,0.0957023027457106,0.0958740965315571,0.101067820598751
2018-09-28,vri,0.0856920214834969,0.0916822852943871,0.1023214528991
2018-09-29,vri,0.0882182135935489,0.088079926442485,0.102785949465648
2018-09-30,vri,0.108685718669019,0.0846700658064985,0.102393531141604
2018-10-01,vri,0.0824139809598085,0.0839815493485731,0.101411729840526
2018-10-02,vri,0.0601733704029685,0.0879831886521457,0.100553525460475
2018-10-03,vri,0.0718048527909374,0.0923655777561932,0.0994143429231932
2018-10-04,vri,0.0908826875402328,0.0885894994064685,0.0991626379243444
2018-10-05,vri,0.113703496608505,0.0877356383726689,0.0999813607642304
2018-10-06,vri,0.118894937321882,0.0937599207056365,0.100403016100508
2018-10-07,vri,0.0822531702209452,0.100368201372855,0.0997230815253135
2018-10-08,vri,0.0764369537232112,0.105777508741532,0.0987001766780742
2018-10-09,vri,0.102343346733742,0.109437465594117,0.0972780725577493
2018-10-10,vri,0.118062817461469,0.113115550856165,0.0967921270408719
2018-10-11,vri,0.128747839120968,0.119261343681578,0.0959718977026124
2018-10-12,vri,0.139323194576604,0.120434525847471,0.0940266443692376
2018-10-13,vri,0.144641534156214,0.118045561985693,0.0921005421935307
2018-10-14,vri,0.125273719998837,0.11368226208596,0.0897951509656414
2018-10-15,vri,0.0846492288844647,0.10838136890986,0.0866244209006608
2018-10-16,vri,0.0856205997012936,0.103790867684087,0.0842226856943103
2018-10-17,vri,0.0875197181633367,0.0980659150806492,0.0825118654636421
2018-10-18,vri,0.0916415868882735,0.0956374700753556,0.0803641900926142
2018-10-19,vri,0.107189685996187,0.0963434445094486,0.0775106210298793
2018-10-20,vri,0.104566865932152,0.0949515563456065,0.0739043562163816
2018-10-21,vri,0.108274604961782,0.0923192446094514,0.0700715863474491
2018-10-22,vri,0.0895910499231153,0.0893435203196925,0.0674303726072864
2018-10-23,vri,0.0758773825543991,0.0841831361909595,0.064975979048392
2018-10-24,vri,0.0690935360102513,0.0745799700212904,0.0616293251060572
2018-10-25,vri,0.0708115168599606,0.0630991630570773,0.0577549948818849
2018-10-26,vri,0.0710669970950564,0.0530227954618994,0.0535199334152151
2018-10-27,vri,0.0373447027444685,0.0441208574854993,0.0489482816018608
2018-10-28,vri,0.0279089562122898,0.0357306273082198,0.0441910764174924
2018-10-29,vri,0.0190564767568699,0.0268788053972145,0.0400853062611194
2018-10-30,vri,0.0135638167195989,0.0177798903350778,0.037350941017156
2018-10-31,vri,0.0103619247692949,0.0131985921798945,0.0345350448320915
2018-11-01,vri,0.00884876348292303,0.00999953446436391,0.0316665433505403
2018-11-02,vri,0.00737459166009976,0.00783601510679738,0.0286446143659082
2018-11-03,vri,0.00527561565818551,0.00632929243486393,0.0250830532115942
2018-11-04,vri,0.00551555220357537,0.0052497527473048,0.0216120306398265
2018-11-05,vri,0.00391184125390418,0.00426331917312978,0.0180188796118477
2018-11-06,vri,0.00301675801606481,0.00347165046972989,0.0150487979538826
2018-11-07,vri,0.00280514695638092,0.00296027610725671,0.012534939088895
2018-11-08,vri,0.00194372846369793,0.00248286010331364,0.0102440180689702
2018-11-09,vri,0.00183291073630049,0.00219907972777928,0.00789864845218305
2018-11-10,vri,0.00169599512087325,0.002068202198005,0.00554379323898491
2018-11-11,vri,0.00217364017597393,0.00204150571360233,0.00430383077951432
2018-11-12,vri,0.00192537862516362,0.00192721795441107,0.00338022117904893
2018-11-13,vri,0.00210061530764484,0.00187461266591103,0.00275018311253032
2018-11-14,vri,0.00261827156556227,0.00177285869854491,0.00230354492900182
2018-11-15,vri,0.0011437141493591,0.00151131744008672,0.00196354831302467
2018-11-16,vri,0.00146467371680025,0.0012985760335093,0.00167351844755516
2018-11-17,vri,0.000983717349310357,0.00106707014990547,0.00143291952185003
2018-11-18,vri,0.000342851366766638,0.000762831381133942,0.00126203801818359
2018-11-19,vri,0.000436188779121644,0.000665388874764228,0.00108487023039539
2018-11-20,vri,0.000480074122418015,0.000508421974151093,0.000960250904586221
2018-11-21,vri,0.000488600184161599,0.000432237832299089,0.000865917196203852
2018-11-22,vri,0.000461616604771095,0.00044345059406272,0.000777394422156361
2018-11-23,vri,0.000365905412508304,0.000401970619952618,0.000718251974420777
2018-11-24,vri,0.000450428356346327,0.000362055487939741,0.00066181874497033
2018-11-25,vri,0.000421340699112053,0.000314446141818313,0.000610820328453882
2018-11-26,vri,0.000145828960350934,0.000272025371671602,0.000544418634624047
2018-11-27,vri,0.000200668198327876,0.000242899782739019,0.000484375722236023
2018-11-28,vri,0.000155334761311599,0.000199676805952105,0.000418923361075494
2018-11-29,vri,0.000164671213744119,0.000161860118785478,0.000337857642713447
2018-11-30,vri,0.000162026289980229,0.000162337488477125,0.000305032143638343
2018-12-01,vri,0.000147867518837925,0.000162316112991612,0.000261172696532459
2018-12-02,vri,0.000156623888945666,0.000164877072751255,0.000233205985214243
2018-12-03,vri,0.000149170548192463,0.00016803072287263,0.000227358700987656
2018-12-04,vri,0.000200518569929287,0.00016623607215491,0.000218119189113638
2018-12-05,vri,0.000173261479629098,0.000169320002553838,0.000207291540757264
2018-12-06,vri,0.000186746764593742,0.000166932854531181,0.000196409471052814
2018-12-07,vri,0.000149463734956192,0.00016934315127223,0.000185368790577565
2018-12-08,vri,0.000169455031630419,0.000166638978579318,0.000178381327517325
2018-12-09,vri,0.00013991385278707,0.000159614660564147,0.000169001419858468
2018-12-10,vri,0.000166042625379805,0.000152514333169179,0.000160829603009482
2018-12-11,vri,0.000181589361078901,0.000157776658846988,0.000161252169655316
2018-12-12,vri,0.000124091253522898,0.000156275822486353,0.000158527810324401
2018-12-13,vri,0.000137044472828971,0.000157558172605875,0.000159367594156214
2018-12-14,vri,0.000186300014700853,0.000154511513232172,0.000159141855975923
2018-12-15,vri,0.000158949177105976,0.000152489153073618,0.000159003683663185
2018-12-16,vri,0.000148890303623721,0.000157476605841933,0.000159051352660632
2018-12-17,vri,0.000144716009763882,0.000160076634255908,0.000158974019954247
2018-12-18,vri,0.000167432839969026,0.000156624931159801,0.000158520515748256
2018-12-19,vri,0.000159003422901099,0.000152545933075179,0.000155998507715459
2018-12-20,vri,0.0001552446717268,0.000153601821229088,0.000153982591146732
2018-12-21,vri,0.000162138093028101,0.000157075409345767,0.000152535638460682
2018-12-22,vri,0.000130396190513626,0.000158325888441973,0.000152080993709162
2018-12-23,vri,0.000156281520701081,0.000158254822274095,0.000151468157643985
2018-12-24,vri,0.000169031126580637,0.0001530680717989,0.00015281143880344
2018-12-25,vri,0.000176186193642471,0.000155695240832884,0.000150984918061086
2018-12-26,vri,0.000158505959725951,0.000159624223378849,0.000148138769462449
2018-12-27,vri,0.000118937418400437,0.000159852737649851,0.000148178069254384
2018-12-28,vri,0.000180528276265983,0.00015703366081852,0.000147221601135844
2018-12-29,vri,0.000157899068335384,0.000153907619977325,0.000143515743058564
2018-12-30,vri,0.000157881120598097,0.000150630400304012,0.000142197719955426
2018-12-31,vri,0.000149297588761316,0.000151476244667572,0.000141557682489082
2019-01-01,vri,0.000154303907754111,0.000141798488424903,0.000140503075848018
2019-01-02,vri,0.000135565422012759,0.000139718362093024,0.000140226932273876
2019-01-03,vri,0.000124858328945351,0.00013656740092338,0.000138432041691987
2019-01-04,vri,0.000112783982567304,0.000136820595339639,0.000137988928726935
2019-01-05,vri,0.000143338184012232,0.000140521792456295,0.000136317106940978
2019-01-06,vri,0.000135824392410586,0.000137047732612928,0.000136787392069401
2019-01-07,vri,0.000151069949675127,0.000132954386066421,0.000135106423653044
2019-01-08,vri,0.000180212287570704,0.000134738138168368,0.000134449078430232
2019-01-09,vri,0.000111247003109191,0.000129739887491303,0.000132506194872783
2019-01-10,vri,9.62049031198041e-05,0.000121068441772997,0.00013179710502384
2019-01-11,vri,0.000125270247280932,0.00011654537524967,0.000131558089302181
2019-01-12,vri,0.000108350429272779,0.000109327788401487,0.000129749218218707
2019-01-13,vri,7.51242723824423e-05,0.000109589332319023,0.000129415955963869
2019-01-14,vri,0.000119408484011839,0.000118581279408305,0.000127752300813395
2019-01-15,vri,0.000129689179633422,0.000115707916288804,0.000125883345850153
2019-01-16,vri,0.000113077810531943,0.000120508038217726,0.000124967133247775
2019-01-17,vri,0.000159148532744775,0.000125773633513004,0.00012515152700476
2019-01-18,vri,0.000105156705444426,0.000129358813563643,0.000124521162304496
2019-01-19,vri,0.000141951282775238,0.000125953569074638,0.000125037562711194
2019-01-20,vri,0.000111983439449386,0.000131129706126685,0.000125490188006488
2019-01-21,vri,0.000144504744366311,0.000125237013865858,0.000125479864361699
2019-01-22,vri,0.000105852468210387,0.000129819379410607,0.00012477690718193
2019-01-23,vri,0.000149310769896269,0.000125507331407099,0.000122845479390111
2019-01-24,vri,0.000117899686918992,0.000127547146308867,0.000123744860786456
2019-01-25,vri,0.000137233264257666,0.000128032354355142,0.000124502065479854
2019-01-26,vri,0.000111766946750679,0.000128335068337068,0.00012360150945637
2019-01-27,vri,0.000126262143761768,0.00012032337833247,0.000124424131353304
2019-01-28,vri,0.000147901200690233,0.00012159735587015,0.000126354459718876
2019-01-29,vri,0.000107971466083873,0.000122149351650814,0.000126375627166836
2019-01-30,vri,9.32289398640761e-05,0.000121317986106065,0.000125290787524452
2019-01-31,vri,0.000126817529682752,0.000121605679106988,0.000125368431970818
2019-02-01,vri,0.000141097234722315,0.000122893642275679,0.00012415220988521
2019-02-02,vri,0.000105947387937439,0.000126828387558968,0.000124505843656556
2019-02-03,vri,0.000128275994768226,0.000132078715332968,0.000123366575476435
2019-02-04,vri,0.000156916942871069,0.000131428990209164,0.000123761424966032
2019-02-05,vri,0.000135514683066897,0.000131019163105912,0.000122420867942051
2019-02-06,vri,0.000129981234282076,0.000132872542532242,0.000122882622570134
2019-02-07,vri,0.000122269453816129,0.000128583624219122,0.000121290267982275
2019-02-08,vri,0.000138228444999548,0.00012517107326337,0.000121231671850093
2019-02-09,vri,0.000118921043921747,0.00012481670758947,0.000121328191769225
2019-02-10,vri,9.82535665763914e-05,0.000123397032327839,0.000121208599349599
2019-02-11,vri,0.000133029086180805,0.000119807680405806,0.000122124028271497
2019-02-12,vri,0.000133034123349593,0.000116547494537718,0.000121148060788684
2019-02-13,vri,0.00012004350745066,0.000117081898288401,0.000121892514335166
2019-02-14,vri,9.71439903619004e-05,0.0001195836342896,0.00012253562486462
2019-02-15,vri,0.000115407143922927,0.000115975655888287,0.000122944396775508
2019-02-16,vri,0.000122661870176528,0.000114660627429389,0.000121300663470738
2019-02-17,vri,0.000115765718584787,0.000112409845457419,0.000122301791373272
2019-02-18,vri,0.000107773237371613,0.000115632862127558,0.00012276903032621
2019-02-19,vri,0.000123828924137308,0.000113651860461499,0.000121649839993527
2019-02-20,vri,0.000104288033646873,0.000112720422286786,0.000121253508563575
2019-02-21,vri,0.000119705107052872,0.000116200871322049,0.000120354207267751
2019-02-22,vri,0.000101540132260512,0.000116258862292087,0.000120204105175565
2019-02-23,vri,0.000116141802953535,0.000120529731903716,0.000120592486965767
2019-02-24,vri,0.000140128861831632,0.000122577466554997,0.000121304712005042
2019-02-25,vri,0.000108179174161874,0.000124091747330066,0.000122936103890747
2019-02-26,vri,0.000153725011418711,0.000125660622113947,0.000122307017409112
2019-02-27,vri,0.000118622176205843,0.000128937605550499,0.000122345773238813
2019-02-28,vri,0.000130305072478352,0.000122031373228724,0.00012235738666402
2019-03-01,vri,0.00011252225574768,0.000126003094778951,0.000123089806927089
2019-03-02,vri,0.000139080687009398,0.000124369973627186,0.000123358891945452
2019-03-03,vri,9.17852355792097e-05,0.000125044124582152,0.000122940800666386
2019-03-04,vri,0.000135981225013463,0.000124089791395003,0.000123212101092344
2019-03-05,vri,0.000142293163356354,0.000122729782774957,0.000123384538957654
2019-03-06,vri,0.000123341232890604,0.000119684883352266,0.000124152215365536
2019-03-07,vri,0.000123624740168313,0.000127984120941753,0.000125215387779817
2019-03-08,vri,0.000103002195407359,0.000128599345239827,0.000124960066468821
2019-03-09,vri,0.000117766391050561,0.000129299653781427,0.000126415214675304
2019-03-10,vri,0.000149879898705617,0.000127987547901591,0.000127780503376479
2019-03-11,vri,0.000140287795099978,0.00012949784191192,0.000127005280260239
2019-03-12,vri,0.000147195323147555,0.000131982086883279,0.000127995559598858
2019-03-13,vri,0.000114156491731753,0.000132174973626624,0.000126170534275655
2019-03-14,vri,0.000134196798240614,0.000128403515879224,0.000127154494682667
2019-03-15,vri,0.000120391910206873,0.00012409370683702,0.00012794149159313
2019-03-16,vri,0.000119116598253979,0.000120766479439301,0.000128396705686557
2019-03-17,vri,0.000123479694473816,0.00012059360538204,0.000127653054580652
2019-03-18,vri,0.000110119131804549,0.000122402522258204,0.00012959966009452
2019-03-19,vri,0.000123904731363524,0.00012465842166798,0.000129826527680449
2019-03-20,vri,0.000112946373330922,0.000123648260163551,0.000129085056545614
2019-03-21,vri,0.000146859216373763,0.000126750386446577,0.000129393197776267
2019-03-22,vri,0.000136183206075305,0.000133462005330042,0.00012948499506185
2019-03-23,vri,0.000112045467722979,0.000132457353470171,0.000130823505280122
2019-03-24,vri,0.000145194578454995,0.000136020379325816,0.000131276062416522
2019-03-25,vri,0.000157100463988805,0.00012917967008994,0.000130039053372745
2019-03-26,vri,0.000116872168344424,0.000130887924710068,0.000129432381508502
2019-03-27,vri,0.000137887554320439,0.000136869283577103,0.000128654015677504
2019-03-28,vri,9.89742517226334e-05,0.000134152726447891,0.000127765965377918
2019-03-29,vri,0.000148140988416199,0.000128391396425525,0.000127171649956566
2019-03-30,vri,0.000153914979792223,0.000133150143947072,0.00012698540635635
2019-03-31,vri,0.000126178678550512,0.000133850100842913,0.0001274432520384
2019-04-01,vri,0.000116771153832245,0.000136860783355579,0.000126503133054646
2019-04-02,vri,0.000150183400995256,0.000134638566411863,0.000127801248021608
2019-04-03,vri,0.00014278725259132,0.000130704806260946,0.000128219442927933
2019-04-04,vri,0.0001200490293113,0.000133130352461663,0.00012945616177254
2019-04-05,vri,0.000132585469810186,0.000135212059791706,0.000129186625125881
2019-04-06,vri,0.000126378658735805,0.000129867234991288,0.000129233611105827
2019-04-07,vri,0.000143157501955528,0.000126910147360051,0.000130239026246788
2019-04-08,vri,0.000131343105142547,0.00012745233577524,0.000129992439850057
2019-04-09,vri,0.000112769627392328,0.000121013694765811,0.000129124430018697
2019-04-10,vri,0.000122087639172664,0.000119583505746416,0.000137022893460872
2019-04-11,vri,0.00012384434821762,0.000115533091495686,0.000143411581077958
2019-04-12,vri,8.75149827441855e-05,0.000115748643434676,0.000153286929165864
2019-04-13,vri,0.000116367335600042,0.000113249571658799,0.000157613768621277
2019-04-14,vri,0.000114804602200411,0.000117103134750335,0.000161609256047593
2019-04-15,vri,0.000132851968715483,0.000118904024798284,0.000170284128330326
2019-04-16,vri,9.52761249611842e-05,0.000127837304216135,0.000182742188553905
2019-04-17,vri,0.000149062580813421,0.000131038130126698,0.000190219264394455
2019-04-18,vri,0.000136450578553263,0.000134293584880021,0.000194658548073887
2019-04-19,vri,0.00015004793866914,0.000135630149628071,0.000202054578981841
2019-04-20,vri,0.000138773116973983,0.000141704558426908,0.000209041289679267
2019-04-21,vri,0.00013759278547367,0.000139132785317565,0.000216147874895345
2019-04-22,vri,0.000142207921951833,0.000170186427182765,0.000222921109892285
2019-04-23,vri,0.000137796986553043,0.000195829319206176,0.00024276377166915
2019-04-24,vri,0.000131060169048021,0.000232466687404154,0.000254229230975956
2019-04-25,vri,0.000353826071609665,0.000252517171204858,0.00026893341161184
2019-04-26,vri,0.00032954818283302,0.000271313125580552,0.000288140717661202
2019-04-27,vri,0.000395234694359825,0.000306831391363333,0.000304938908983243
2019-04-28,vri,0.000277946172078599,0.000358181790147845,0.000324031545897584
2019-04-29,vri,0.00027377960258169,0.000361134590805284,0.000357455044934953
2019-04-30,vri,0.000386424847032511,0.000353479959396894,0.000374214873877684
2019-05-01,vri,0.000490512960539608,0.000345864996852625,0.000399344445758044
2019-05-02,vri,0.000374495676211739,0.000355042228088962,0.000415162110513469
2019-05-03,vri,0.000275965762974289,0.000364441744179883,0.000430408830907955
2019-05-04,vri,0.000341929956549938,0.000358717416298631,0.000447728123110213
2019-05-05,vri,0.000342186790732959,0.000392447415999897,0.000454347863540573
2019-05-06,vri,0.000339576215218135,0.000404195663197722,0.000477248399126727
2019-05-07,vri,0.000346354551863746,0.000445230991094135,0.000522028828408416
2019-05-08,vri,0.00072662295844847,0.000496392930115355,0.000565791567386249
2019-05-09,vri,0.000456733406596517,0.000532003491782852,0.00059331325478387
2019-05-10,vri,0.000563213058249183,0.000581942095756013,0.00064675375902314
2019-05-11,vri,0.000700063529698475,0.000692107098821405,0.000705996801377714
2019-05-12,vri,0.000591460722405437,0.000679110510042682,0.000801033204599192
2019-05-13,vri,0.000689146443030263,0.00073517192072489,0.000898614202198577
2019-05-14,vri,0.00111750957332149,0.000743797558614459,0.000988804789443163
2019-05-15,vri,0.00063564683699741,0.000728624510141511,0.00110102740791894
2019-05-16,vri,0.000849163281371975,0.000739791079046006,0.00118531896552781
2019-05-17,vri,0.000623592523476162,0.000689536634310938,0.00129738968513235
2019-05-18,vri,0.000593852190387843,0.000647693674273338,0.00143733238001064
2019-05-19,vri,0.000669626704736898,0.000769118526188352,0.00165874001576097
2019-05-20,vri,0.000337365329884791,0.000855049365404928,0.00202773923095041
2019-05-21,vri,0.000824608853058289,0.000902637689333571,0.0025164953515865
2019-05-22,vri,0.0014856208004025,0.00109737897624785,0.00305356336043937
2019-05-23,vri,0.00145067915588801,0.00130269508320975,0.00365295084444257
2019-05-24,vri,0.000956710790976663,0.00171826100622681,0.004028484681272
2019-05-25,vri,0.00195704119878777,0.00205837061294136,0.00448968349397108
2019-05-26,vri,0.00210683945347023,0.00227178153001518,0.00508883174285076
2019-05-27,vri,0.00324632679100418,0.00260069927936058,0.00543100988821193
2019-05-28,vri,0.00320537610006014,0.00289534912190758,0.00584374221861794
2019-05-29,vri,0.00297949721991926,0.00314957427413049,0.00636548881356462
2019-05-30,vri,0.00375310340130578,0.00348777529639515,0.00702158836117298
2019-05-31,vri,0.00301925968880573,0.00402175133040308,0.00827648003273193
2019-06-01,vri,0.00373661726434807,0.00519414949416823,0.00939658863606177
2019-06-02,vri,0.00447424660932286,0.00691168701050847,0.010624072364681
2019-06-03,vri,0.00698415902905974,0.00872672864138622,0.0117615845696256
2019-06-04,vri,0.0114121632464162,0.0109680126113489,0.0139342005369383
2019-06-05,vri,0.0150022598343009,0.0121088885037962,0.0165151435186603
2019-06-06,vri,0.01645839481745,0.0135267357652103,0.0187875558300416
2019-06-07,vri,0.0187082474785442,0.0151967860462145,0.0209834880609502
2019-06-08,vri,0.0117227485114796,0.0151174491657608,0.0241732954728564
2019-06-09,vri,0.0143991774392214,0.0148415715258907,0.0269596223986726
2019-06-10,vri,0.0186745109960889,0.014886073326501,0.0300072249163022
2019-06-11,vri,0.0108568050832406,0.0151161284388873,0.0319470850167537
2019-06-12,vri,0.0130711163552104,0.0189408662841246,0.0336833083679832
2019-06-13,vri,0.0167699074217219,0.0217733910247174,0.0352912590795593
2019-06-14,vri,0.0203186332652482,0.0244510843179854,0.0369497335638567
2019-06-15,vri,0.0384959134281407,0.0278708254279616,0.040465702760588
2019-06-16,vri,0.0342268506233712,0.0353629294271126,0.0442988775228347
2019-06-17,vri,0.0374183640489649,0.0441462138389689,0.0475303513775082
2019-06-18,vri,0.034794992853074,0.0511946933927683,0.0499885059625951
2019-06-19,vri,0.0655158443492671,0.0553136552006262,0.0524495631010063
2019-06-20,vri,0.0782528983047165,0.0642313812755961,0.054315136927089
2019-06-21,vri,0.0696579901418436,0.0711068791219261,0.0564024045713581
2019-06-22,vri,0.0673286460831463,0.0794982965689668,0.0586369347688173
2019-06-23,vri,0.0966509331481602,0.0789163373482929,0.0609824991133429
2019-06-24,vri,0.0855468489732751,0.0756362199671825,0.0633935047572822
2019-06-25,vri,0.093534914982359,0.0730019383136622,0.0651691529015803
2019-06-26,vri,0.0614421298045494,0.0710274657203884,0.067075147549862
2019-06-27,vri,0.055292076636944,0.0727199517836144,0.0696111832121359
2019-06-28,vri,0.0512180185672014,0.0774606676633965,0.0715777039201104
2019-06-29,vri,0.0535073379302299,0.0785868887015637,0.0739675477734926
2019-06-30,vri,0.108498335590742,0.0813421268125804,0.0756320798132933
2019-07-01,vri,0.11873186013175,0.0856209554928386,0.0770764250807925
2019-07-02,vri,0.101418462249529,0.0884425920713502,0.0788018242285171
2019-07-03,vri,0.0807287965816664,0.0920953186735349,0.0803315705363548
2019-07-04,vri,0.0852438773987508,0.088844721218046,0.0812718012709004
2019-07-05,vri,0.0709694746167833,0.0836101238916887,0.0810808908628635
2019-07-06,vri,0.0790764241455227,0.0815116788213846,0.0807825106291204
2019-07-07,vri,0.0857441534023199,0.0802567014990081,0.0799789086471678
2019-07-08,vri,0.0820896788472487,0.0777985253751424,0.0778624287824058
2019-07-09,vri,0.0867293467574005,0.0803960556046633,0.076412956711602
2019-07-10,vri,0.0719439553250304,0.0799230705354396,0.0746081061059674
2019-07-11,vri,0.0680366445316914,0.0808187556017815,0.0734056916981961
2019-07-12,vri,0.0891521862234294,0.0817247835696261,0.0739545040872226
2019-07-13,vri,0.0757655286609567,0.0804144781254755,0.073811900199088
2019-07-14,vri,0.0920139488667136,0.0828768185762858,0.0743473934331515
2019-07-15,vri,0.0884318746221606,0.0846840667986449,0.0729774473630469
2019-07-16,vri,0.077557208648347,0.0853370068218176,0.0711447513086804
2019-07-17,vri,0.0891803384807022,0.084874157879339,0.0693082984727168
2019-07-18,vri,0.0806873820882051,0.0804016770597445,0.067965899637408
2019-07-19,vri,0.093722766385638,0.0739429216315168,0.066552134830742
2019-07-20,vri,0.0725255860636067,0.0675999685682245,0.0657572789579233
2019-07-21,vri,0.0607065831295523,0.0608688754780046,0.0644111929178396
2019-07-22,vri,0.0432205866245662,0.054969163295878,0.0637932513660034
2019-07-23,vri,0.033156537205301,0.0452044391795599,0.0634285745735682
2019-07-24,vri,0.042062686849163,0.0450945623572931,0.0621134827774606
2019-07-25,vri,0.0393893968133188,0.0431278936135231,0.0611068322806254
2019-07-26,vri,0.0253696975714112,0.0468924005174616,0.0605421694273142
2019-07-27,vri,0.0717564483077392,0.0517843171292193,0.0592859105172848
2019-07-28,vri,0.0469399019231625,0.0548826445080184,0.0589664779812364
2019-07-29,vri,0.0695721349521358,0.0558734274162043,0.0574260824092044
2019-07-30,vri,0.0673999534876045,0.058028732266346,0.0566641740400793
2019-07-31,vri,0.0637509785007567,0.0538965158222078,0.0564737300765223
2019-08-01,vri,0.0463248771706203,0.0539227867520733,0.056274312142363
2019-08-02,vri,0.0404568315224031,0.0495116021793414,0.0558916794678435
2019-08-03,vri,0.042830933198772,0.0494838812307169,0.054913110799856
2019-08-04,vri,0.0471237984322208,0.050540795026922,0.0549464584569876
2019-08-05,vri,0.0386938429430126,0.050676754413144,0.0547200711416936
2019-08-06,vri,0.067205906847233,0.0508606985413682,0.0553742513697636
2019-08-07,vri,0.0711493750741921,0.0520415307890231,0.0562402752513029
2019-08-08,vri,0.0472765928741741,0.052661619430498,0.056844461332725
2019-08-09,vri,0.0417444404199727,0.0565885779499969,0.0577682249436056
2019-08-10,vri,0.0510967589323564,0.0535308886440715,0.0590714815817513
2019-08-11,vri,0.0514644189225454,0.0527344955689595,0.0589942488775411
2019-08-12,vri,0.0661825525795045,0.0562441094071682,0.0604984818137548
2019-08-13,vri,0.045802081705755,0.0621660179837325,0.0607426592626595
2019-08-14,vri,0.0655746235484087,0.0647533955437704,0.0603273603749913
2019-08-15,vri,0.0718438897416345,0.0665964366042657,0.0598071715503596
2019-08-16,vri,0.083197800455923,0.0676455027754156,0.0599620179471388
2019-08-17,vri,0.069208401852622,0.0688044859132695,0.0609104157274263
2019-08-18,vri,0.0643657063460125,0.0684146816158776,0.0620315427913477
2019-08-19,vri,0.0735260157775533,0.0665994478887126,0.0630595497269014
2019-08-20,vri,0.0539149636707323,0.0633123720081276,0.0643762422708991
2019-08-21,vri,0.0628459934666656,0.063011501049144,0.0649858854960038
2019-08-22,vri,0.0591372536514797,0.0630260282448254,0.0648477590369893
2019-08-23,vri,0.0601882692918277,0.0624422355882368,0.066010466293334
2019-08-24,vri,0.0671023051397367,0.0678925107794996,0.0682238113804126
2019-08-25,vri,0.0644673967157822,0.0698998629155869,0.0699505416654682
2019-08-26,vri,0.0694394671814337,0.0693003962307411,0.0702803830917839
2019-08-27,vri,0.0920668900095713,0.0675799740121667,0.0709548254784064
2019-08-28,vri,0.076897458419277,0.0652753974313465,0.0717676453329948
2019-08-29,vri,0.054940986857559,0.065909878604953,0.072026756723473
2019-08-30,vri,0.0481453137618069,0.0669134897385219,0.0720346021667535
2019-08-31,vri,0.0509702690739956,0.0648987920941304,0.0720459907829635
2019-09-01,vri,0.0689087649310278,0.0650841007860829,0.0721571031127473
2019-09-02,vri,0.0764647451164158,0.0694489888921992,0.0729302221709144
2019-09-03,vri,0.0779640064988306,0.0721433128267635,0.0735710121472851
2019-09-04,vri,0.0781946192629448,0.076598675896838,0.0753278342434925
2019-09-05,vri,0.0854952036003726,0.0822038227684526,0.0767929481211371
2019-09-06,vri,0.0670055813037574,0.0859800973923966,0.0788724900706942
2019-09-07,vri,0.0821578105645167,0.0836080481371374,0.0807958190828867
2019-09-08,vri,0.10814479303233,0.0847825059821709,0.0816319352458407
2019-09-09,vri,0.102898667484024,0.0825955736597471,0.0823948874945865
2019-09-10,vri,0.0613596617120166,0.0835016285110326,0.0833684321227077
2019-09-11,vri,0.0864158241781791,0.082061834578966,0.0836705495718273
2019-09-12,vri,0.0701866773434064,0.0785467868518078,0.0848990823569088
2019-09-13,vri,0.0733479652627561,0.0742100874606808,0.0863907635608808
2019-09-14,vri,0.07207925304005,0.0779528898005395,0.0883379118354398
2019-09-15,vri,0.0835394589422225,0.0788577313563244,0.090179409992949
2019-09-16,vri,0.0725417717461351,0.0840624383868312,0.0915162700162583
2019-09-17,vri,0.0875592780910274,0.0888412161772952,0.0917519170238876
2019-09-18,vri,0.0927497150686734,0.0959046817627441,0.0914633957503701
2019-09-19,vri,0.106619626556954,0.100811636150656,0.0919374223093568
2019-09-20,vri,0.106799409796004,0.103617924476687,0.0926681659774976
2019-09-21,vri,0.121523512138192,0.103588879631991,0.0940673588137391
2019-09-22,vri,0.117888139657604,0.104431178340048,0.0938790605071352
2019-09-23,vri,0.0921857900283561,0.103647005043791,0.0935569989499511
2019-09-24,vri,0.0873559641781555,0.104640438211751,0.0941043886746814
2019-09-25,vri,0.0986458060250701,0.101521568331541,0.0949783297755571
2019-09-26,vri,0.101130413483159,0.0999032286659655,0.0957610222153239
2019-09-27,vri,0.113753441971722,0.10190743206181,0.097215200249066
2019-09-28,vri,0.0996914229767184,0.105001517983547,0.0987199736499358
2019-09-29,vri,0.106559761998577,0.102842710743578,0.100231171446112
2019-09-30,vri,0.10621521379927,0.0982967042878852,0.0992022736027655
2019-10-01,vri,0.109014565630309,0.0952484148680028,0.0986352133530943
2019-10-02,vri,0.0835341553452932,0.0963521421062712,0.0981504053447182
2019-10-03,vri,0.0693083682933056,0.0966980855909036,0.0977186619107147
2019-10-04,vri,0.0924154160325463,0.0924543209576359,0.0982106116392993
2019-10-05,vri,0.107417513644597,0.09094980391285,0.0980967390149827
2019-10-06,vri,0.108981366391003,0.0960621187529414,0.0959810120092974
2019-10-07,vri,0.0765088613663972,0.0986720511022248,0.0948224920686826
2019-10-08,vri,0.0984829463168073,0.10116936272203,0.0939291845164481
2019-10-09,vri,0.119320359225933,0.10208286339504,0.0930208840437945
2019-10-10,vri,0.0875778947382894,0.103441406380447,0.0918379135210474
2019-10-11,vri,0.109896597371181,0.109285167174579,0.0907100078497708
2019-10-12,vri,0.11381201835567,0.102740821078155,0.0891514559622913
2019-10-13,vri,0.118491167288852,0.093627907511022,0.0878350908275827
2019-10-14,vri,0.11741518692532,0.0915474993826585,0.0861726926143808
2019-10-15,vri,0.0526725236418416,0.0872476157651424,0.0844548865563462
2019-10-16,vri,0.0555299642559992,0.0883284872021171,0.0825034773727523
2019-10-17,vri,0.073015037839745,0.0861702105989244,0.0809898718085349
2019-10-18,vri,0.0797974120485679,0.0776897127478265,0.0802295146206374
2019-10-19,vri,0.121378118414493,0.0820411438617289,0.0779248387168638
2019-10-20,vri,0.103383231066504,0.083449229462489,0.0752630247598866
2019-10-21,vri,0.0580517019676345,0.0816052169137468,0.0722577762868818
2019-10-22,vri,0.0831325414391585,0.0792279709557593,0.0702335200937591
2019-10-23,vri,0.0653865634613199,0.0715015602315261,0.0673802579140667
2019-10-24,vri,0.0601069499985496,0.0663035108430737,0.0637159813822643
2019-10-25,vri,0.0631566903426557,0.0666104775527633,0.0610241928571027
2019-10-26,vri,0.0672932433448608,0.0628326595761005,0.0575359306901411
2019-10-27,vri,0.0669968853473371,0.0613032979470882,0.05384352036468
2019-10-28,vri,0.0602004689354617,0.0599269179647943,0.0499760556992212
2019-10-29,vri,0.0566878156025188,0.0563511034042392,0.0461172051626477
2019-10-30,vri,0.0546810320582335,0.0533803047344564,0.0444049239133549
2019-10-31,vri,0.0504722901224927,0.047134340959028,0.0425772577822356
2019-11-01,vri,0.0381259884187699,0.0424718589590021,0.0401575186209819
2019-11-02,vri,0.0464976526563813,0.0370627299016222,0.0375073470721325
2019-11-03,vri,0.0232751389193379,0.0315056075465483,0.0334722481950017
2019-11-04,vri,0.0275630949352809,0.0261360062327688,0.0300358288801925
2019-11-05,vri,0.0188239122008593,0.0220311597832101,0.028113426515516
2019-11-06,vri,0.0157811755727162,0.0163635292585048,0.025352143926202
2019-11-07,vri,0.0128850809260358,0.0137883283217898,0.0231832961118921
2019-11-08,vri,0.00939206327185966,0.0102849874155832,0.0211891103174261
2019-11-09,vri,0.00682423898344385,0.00794831814761611,0.0190978879497575
2019-11-10,vri,0.0052487323623328,0.00592953175553009,0.016867170895971
2019-11-11,vri,0.00303970859183513,0.00427510393224749,0.0146380058146761
2019-11-12,vri,0.00246722732508933,0.0030333777966133,0.012636339110392
2019-11-13,vri,0.00164967082811401,0.00211889551356909,0.0107507904863969
2019-11-14,vri,0.00130408616305762,0.00141082883081946,0.00893205565592666
2019-11-15,vri,0.000699980322420374,0.00102303504635317,0.007253618328489
2019-11-16,vri,0.000422863002134375,0.000712095660230036,0.00598688237685717
2019-11-17,vri,0.000292265583085371,0.000530661402976333,0.00444120020160779
2019-11-18,vri,0.000325152100571132,0.000386372488216575,0.00366852383644842
2019-11-19,vri,0.000290651622227376,0.000332250875302735,0.00275444712652665
2019-11-20,vri,0.000379631027338084,0.00031203846993653,0.00213089788250834
2019-11-21,vri,0.000294063759739315,0.000330289002723982,0.00160809288462071
2019-11-22,vri,0.00032112903202349,0.000336943235680285,0.00118246339382446
2019-11-23,vri,0.000281376164570943,0.000312840562289111,0.000874271191615797
2019-11-24,vri,0.000420019312597531,0.000280102959374995,0.000651242351819198
2019-11-25,vri,0.000371731731265256,0.000255430548364291,0.000480952220130735
2019-11-26,vri,0.000121932908489153,0.000226553135807696,0.00038422491280101
2019-11-27,vri,0.000150467806939274,0.000203380869349395,0.000307062889883664
2019-11-28,vri,0.000121356882664392,0.000161079520380448,0.000257554585050202
2019-11-29,vri,0.000118987144127324,0.000126144615756867,0.00021764583384747
2019-11-30,vri,0.000119170299362832,0.000122275338052244,0.000198987406784929
2019-12-01,vri,0.000123909869814903,0.000120893313864904,0.000189847833517684
2019-12-02,vri,0.000127187398900188,0.000120333027814262,0.000184701211278254
2019-12-03,vri,9.48479645567929e-05,0.000117195669522795,0.000178046686006674
2019-12-04,vri,0.000140793637627895,0.00011677079849218,0.000173080368582494
2019-12-05,vri,0.000117434880309897,0.000119968989318578,0.000164666177844556
2019-12-06,vri,9.70256360870573e-05,0.00012085275941082,0.000158644799571422
2019-12-07,vri,0.000116196202148526,0.000127307108999696,0.000151477752048096
2019-12-08,vri,0.000146297205599689,0.000126892213901909,0.000145443826414499
2019-12-09,vri,0.000133373789545885,0.000131882464938914,0.00013579931765334
2019-12-10,vri,0.000140028411678924,0.000141510471656496,0.000127754998007523
2019-12-11,vri,0.000137889371943382,0.000140171532346089,0.000127509484889567
2019-12-12,vri,0.000152366637568935,0.000139304433052437,0.00012696098776986
2019-12-13,vri,0.000164421683110135,0.000141490435134029,0.000126461284049443
2019-12-14,vri,0.000106823626975673,0.000141181650023107,0.000126012294751324
2019-12-15,vri,0.000140227510544128,0.000139414074377446,0.000125625744736977
2019-12-16,vri,0.000148675804117025,0.000137884854653595,0.000126736061521368
2019-12-17,vri,0.000137866915902471,0.000132568229237852,0.000128891886563394
2019-12-18,vri,0.000125516342423754,0.000133510912747796,0.000131715691085151
2019-12-19,vri,0.000141662099501979,0.000128638069287739,0.000132357894532514
2019-12-20,vri,0.000127205305199936,0.000121735582351451,0.000135659324206619
2019-12-21,vri,0.00011342241154528,0.00012070945861721,0.00014004045591028
2019-12-22,vri,0.000106117606323725,0.000121407429969638,0.000141190611901271
2019-12-23,vri,0.000100358395563015,0.000117536775033706,0.000142001293129775
2019-12-24,vri,0.000130684049762782,0.000118509287626295,0.00014228767216455
2019-12-25,vri,0.00013040214189075,0.00011750119612724,0.000142870651479847
2019-12-26,vri,0.000114567514950453,0.000117415461678671,0.000143647258904957
2019-12-27,vri,0.00013401289334806,0.000118446233588586,0.000144290810399216
2019-12-28,vri,0.000106365771051897,0.000122236994100567,0.000143842044378758
2019-12-29,vri,0.000105517465183741,0.000131016995282026,0.000145748617341504
2019-12-30,vri,0.000107573798932419,0.000140301936033319,0.000146840798835462
2019-12-31,vri,0.000157219373346645,0.000144022914276281,0.000148411483763025
2020-01-01,vri,0.000191862150160963,0.000159753199916444,0.000149244129199799
2020-01-02,vri,0.000179562100209507,0.000177316360204038,0.000150349348799496
2020-01-03,vri,0.000160059741048792,0.000183477372053442,0.000150041657362808
2020-01-04,vri,0.000216477770533044,0.000185391410497465,0.000150999689087826
2020-01-05,vri,0.000228459587196893,0.000178263269130061,0.000152288455513541
2020-01-06,vri,0.00015070088187825,0.00017511408211982,0.000153505128077975
2020-01-07,vri,0.000170617642454807,0.00017527520406952,0.000154937526666588
2020-01-08,vri,0.000141965160589135,0.000168874548621472,0.000157041852045476
2020-01-09,vri,0.000157517791137822,0.000157802993664258,0.000159257233200082
2020-01-10,vri,0.000161187594696687,0.000159705841375658,0.000161331187742214
2020-01-11,vri,0.000171673182396711,0.000160045171791095,0.000161380352719985
2020-01-12,vri,0.000150958702496394,0.000167735341984638,0.00016321607884859
2020-01-13,vri,0.000164020815858054,0.00016849655453719,0.000165755375288154
2020-01-14,vri,0.000172992955362863,0.000168137316782613,0.000167856035752554
2020-01-15,vri,0.000195796351943932,0.00016253134164042,0.000166461159645765
2020-01-16,vri,0.000162846279005688,0.000163243849419575,0.00016531379992191
2020-01-17,vri,0.000158672930414651,0.000161538790627953,0.000164618614602324
2020-01-18,vri,0.000132431356401357,0.00015719948032708,0.000169239797799458
2020-01-19,vri,0.000155946256950477,0.000149704337652434,0.000172704940261733
2020-01-20,vri,0.000152085404316705,0.000154128270812966,0.000170537108765482
2020-01-21,vri,0.00014261778325675,0.000159584077400723,0.000170725708844358
2020-01-22,vri,0.000143330353221413,0.000165920476659728,0.000170015876459243
2020-01-23,vri,0.000193813811129411,0.000162997846049834,0.000171033646091368
2020-01-24,vri,0.000196863576528948,0.000164333867563168,0.000171347774772576
2020-01-25,vri,0.000176786151214393,0.000169916521150867,0.000172808178270645
2020-01-26,vri,0.000135487842681216,0.00017381127252844,0.000173177595245021
2020-01-27,vri,0.000161437554910046,0.000162605455244661,0.000173712689949962
2020-01-28,vri,0.000181696358370642,0.000156973709804144,0.00017512661867729
2020-01-29,vri,0.000170593612864426,0.000154390908290933,0.000174393611605944
2020-01-30,vri,0.00011537309014296,0.000177706250331162,0.000173441600693115
2020-01-31,vri,0.000157441358445326,0.000200419748829912,0.000173789513444599
2020-02-01,vri,0.000158706540621917,0.000197809503678302,0.000173251638602056
2020-02-02,vri,0.00029869523696282,0.000195775971018318,0.00017462095552494
2020-02-03,vri,0.000320432044401294,0.000200625911126659,0.000175355311128887
2020-02-04,vri,0.00016342464230937,0.000202776895570596,0.000178770539335265
2020-02-05,vri,0.000156358884244537,0.00020395333999233,0.00017870410764654
2020-02-06,vri,0.000149322670901351,0.000190568263231751,0.000179038281084116
2020-02-07,vri,0.000172498249552882,0.000170900212835563,0.00017821310997352
2020-02-08,vri,0.000166941651574053,0.000171412627312029,0.000177600376703078
2020-02-09,vri,0.000204999699638768,0.000178566883516795,0.000178920398370852
2020-02-10,vri,0.000182755691627982,0.000178806893848384,0.000179312833072858
2020-02-11,vri,0.000167011543644632,0.000178055147420697,0.000178169230311928
2020-02-12,vri,0.000206438677677894,0.00017896114884586,0.000176192349624683
2020-02-13,vri,0.000151002743222474,0.00017003786106009,0.000176410608293404
2020-02-14,vri,0.000167236024559073,0.000168717171411501,0.000178830503073029
2020-02-15,vri,0.000173283661550193,0.000170283654472109,0.000179111928508912
2020-02-16,vri,0.000142536685138381,0.000177155593447844,0.0001793412086718
2020-02-17,vri,0.000173510864087859,0.000175673034786779,0.000175203367771982
2020-02-18,vri,0.000177976925068886,0.000173690110756723,0.000171081604798741
2020-02-19,vri,0.000254542250508044,0.000173086541651201,0.000171236160245722
2020-02-20,vri,0.000140624832595015,0.000178221526405102,0.000170675108835449
2020-02-21,vri,0.000153355556348685,0.000184346660285066,0.000170916611910312
2020-02-22,vri,0.000169058677811538,0.000179958654381141,0.000169560925042943
2020-02-23,vri,0.000178481578415688,0.000161756828891725,0.00017064975895278
2020-02-24,vri,0.000216386801247607,0.000159151843914335,0.000168460058063785
2020-02-25,vri,0.000147260883741407,0.000162549817711103,0.000169400122943289
2020-02-26,vri,0.000127129472082136,0.000165251425671127,0.000170286715266089
2020-02-27,vri,0.000122389937753285,0.000163451788972002,0.000170362579782789
2020-02-28,vri,0.000177141372926059,0.000156194381009283,0.000170696135250602
2020-02-29,vri,0.000187969933531703,0.00016009425618455,0.000171151524218673
2020-03-01,vri,0.000165884121521813,0.000170044210916254,0.000171185921164774
2020-03-02,vri,0.000165584945508575,0.000176568692054183,0.000171944430667002
2020-03-03,vri,0.000174560009968279,0.000171195259055653,0.000172111871272672
2020-03-04,vri,0.000196779155204063,0.000166709234715015,0.000172494640013312
2020-03-05,vri,0.000168061305718789,0.000161844023573588,0.000169599630403514
2020-03-06,vri,0.000139527341936346,0.000166704269767959,0.000168756999467782
2020-03-07,vri,0.00015656776314724,0.000161668364482334,0.000168367812474762
2020-03-08,vri,0.000131827643531821,0.000163693862026483,0.000168182944047399
2020-03-09,vri,0.000199606668869174,0.000167343577399319,0.000167618902082097
2020-03-10,vri,0.000139308672968904,0.00017722747329111,0.000166950071535636
2020-03-11,vri,0.000210957638013105,0.000177861993878201,0.000166801757220386
2020-03-12,vri,0.000193609313328643,0.000184872001030969,0.000167495722617564
2020-03-13,vri,0.000208714613178883,0.000181258986897261,0.000168514795601929
2020-03-14,vri,0.000161009407256876,0.000184970886502449,0.00016838679332369
2020-03-15,vri,0.000180897693601198,0.000180338949965999,0.000168397378063366
2020-03-16,vri,0.000174315569933217,0.000179746189103063,0.000168252891722843
2020-03-17,vri,0.000165291970205222,0.000173885810393807,0.000169089275425467
2020-03-18,vri,0.000178534082257957,0.000167362452860405,0.000169343956408301
2020-03-19,vri,0.000189459987288086,0.000161759917568531,0.000168593642876834
2020-03-20,vri,0.00016769196221409,0.000160216639719594,0.000168679816271434
2020-03-21,vri,0.000115345904523067,0.000159683546755508,0.000169832372449526
2020-03-22,vri,0.000141679946558074,0.000162224661412057,0.000169690766674266
2020-03-23,vri,0.000163512624990665,0.000155560585268599,0.000169755555014472
2020-03-24,vri,0.000161560319456619,0.000152740081237657,0.000169147576701113
2020-03-25,vri,0.000196321884853797,0.000158113827346395,0.000169627669355927
2020-03-26,vri,0.000142811454283884,0.000162631164206511,0.000169012605332138
2020-03-27,vri,0.000147948433997492,0.000166170428596697,0.000168552131348587
2020-03-28,vri,0.000152962127284234,0.000166168887432343,0.000167119177276307
2020-03-29,vri,0.000173301304578883,0.000165362397679983,0.000167847231072782
2020-03-30,vri,0.000188287475721973,0.000170989395561331,0.000168046342208875
2020-03-31,vri,0.000161549531306135,0.000174749583455981,0.000167988052893592
2020-04-01,vri,0.000190676456587279,0.000177275923494917,0.000170267413561603
2020-04-02,vri,0.000182200439453317,0.00017739059816638,0.000174018396217347
2020-04-03,vri,0.000174269749260044,0.000172252328761731,0.000176503009968541
2020-04-04,vri,0.000170646507556789,0.000168284009109138,0.000175840042463847
2020-04-05,vri,0.000174104027279124,0.000166954132377871,0.000178498930298171
2020-04-06,vri,0.000152319589889429,0.000162884277115017,0.000181525789985732
2020-04-07,vri,0.000133771293737987,0.00016548941540636,0.000183982267037333
2020-04-08,vri,0.000181367319468411,0.000166796356301405,0.000186484675890469
2020-04-09,vri,0.000153711452613332,0.000165599493977311,0.000213729585604432
2020-04-10,vri,0.000192505717299445,0.000169961127014699,0.000229623981840646
2020-04-11,vri,0.000179795093822104,0.000177546803292699,0.000251965323534861
2020-04-12,vri,0.000165725991010467,0.000176289599150742,0.00027593811945426
2020-04-13,vri,0.000182851021151148,0.000187712647383916,0.000295322338978094
2020-04-14,vri,0.000186871027683987,0.000201792339474037,0.000316632694458093
2020-04-15,vri,0.000172566890474712,0.00021382138318858,0.000346676302712321
2020-04-16,vri,0.000233672790245551,0.000211260946911838,0.000411362155577873
2020-04-17,vri,0.000291063561930293,0.000213012592397783,0.000551104437228929
2020-04-18,vri,0.000263998399823904,0.000219528979469343,0.000739277406730292
2020-04-19,vri,0.000147802937073272,0.000228763271764198,0.000956207970671535
2020-04-20,vri,0.000195112539552764,0.000229186099593509,0.00125998129113468
2020-04-21,vri,0.000232485737184905,0.00033241547307099,0.00157757820346374
2020-04-22,vri,0.000237206936538696,0.000383221893291907,0.00195382705583494
2020-04-23,vri,0.000236632585050726,0.000478991285827715,0.002505618401539
2020-04-24,vri,0.00101366917627267,0.000575710352301065,0.0030883485046723
2020-04-25,vri,0.000619643341370324,0.000650330659888065,0.00351459662458239
2020-04-26,vri,0.000818188684823924,0.000734672260399955,0.00395343291362934
2020-04-27,vri,0.000872146004866218,0.000852704430954562,0.00432538158182571
2020-04-28,vri,0.000754827890293899,0.00101235912613759,0.00483837141870913
2020-04-29,vri,0.000827598140121931,0.00154876277579683,0.0052151619961369
2020-04-30,vri,0.00106285777893297,0.00226322994000783,0.00565299265635131
2020-05-01,vri,0.00213125204255386,0.00309271814299753,0.00614146095536182
2020-05-02,vri,0.00437446888898497,0.00431164325026603,0.00678359556348188
2020-05-03,vri,0.00581945883430094,0.00557630451021451,0.00760415128616272
2020-05-04,vri,0.0066785634257941,0.00705607295106323,0.00841358619705276
2020-05-05,vri,0.0092873036411734,0.00914233804363986,0.00950307493819588
2020-05-06,vri,0.00968022695976133,0.0110367874233009,0.0106336396047093
2020-05-07,vri,0.011421236864874,0.0120597146347725,0.0121377261399124
2020-05-08,vri,0.0167351076905903,0.0130120461118349,0.0140510564636509
2020-05-09,vri,0.0176356145466123,0.0133030293112246,0.0165802156616209
2020-05-10,vri,0.0129799493146022,0.0141447891923521,0.0188560081356965
2020-05-11,vri,0.0133448837652305,0.0141546965474439,0.0208655738531801
2020-05-12,vri,0.0113241860369015,0.0136650364054892,0.0234117842786566
2020-05-13,vri,0.0155725461276537,0.0132724802931961,0.026712368537763
2020-05-14,vri,0.0114905883505171,0.0142117877919004,0.0298744402632488
2020-05-15,vri,0.0133074866969069,0.0158597572654745,0.0336179151978444
2020-05-16,vri,0.0148877217605608,0.0177321378693135,0.0371156630957449
2020-05-17,vri,0.0195551018055321,0.0202045991044839,0.0407710867667534
2020-05-18,vri,0.0248806700802494,0.0234415758733509,0.0447206910431845
2020-05-19,vri,0.0244308502637742,0.0280204782013118,0.0486070030436329
2020-05-20,vri,0.0328797747738466,0.0341274525636896,0.0514833327314516
2020-05-21,vri,0.034149425732586,0.0423179301793813,0.0539726594664544
2020-05-22,vri,0.0453598029926339,0.0486054655341508,0.0575765146746205
2020-05-23,vri,0.0576365422972049,0.0538446526692308,0.0603626757727168
2020-05-24,vri,0.0768884451153742,0.0601844646685615,0.0620194860070642
2020-05-25,vri,0.0688934175636362,0.0695591689444041,0.063841334449295
2020-05-26,vri,0.0611051602093339,0.0767491613604129,0.0661223260718717
2020-05-27,vri,0.0772584587691612,0.084710670434641,0.0697116968858662
2020-05-28,vri,0.0997723556634841,0.0890214195580973,0.0724391070603595
2020-05-29,vri,0.095689749904696,0.0954705283374694,0.0747289657271734
2020-05-30,vri,0.113367105816801,0.104499446468598,0.0780082241210494
2020-05-31,vri,0.107063688979568,0.111072227135753,0.0815823769765097
2020-06-01,vri,0.114037179019241,0.110472918366074,0.0845782600265028
2020-06-02,vri,0.124307587127233,0.108854386809667,0.0874454027010327
2020-06-03,vri,0.123267923439245,0.109735784994389,0.0900127194093091
2020-06-04,vri,0.0955771942757353,0.10877239237352,0.0924035612390315
2020-06-05,vri,0.0843600290098464,0.102101355596061,0.0955554833871782
2020-06-06,vri,0.119536893109855,0.0940053292323892,0.097980511825018
2020-06-07,vri,0.100319940633481,0.0880777162328586,0.0998408929028017
2020-06-08,vri,0.0673399215770321,0.0914245899730016,0.100905046822483
2020-06-09,vri,0.0676354025815288,0.0932867074519451,0.10213328424399
2020-06-10,vri,0.0817746324425311,0.0876652010583851,0.103093196129664
2020-06-11,vri,0.119005310456737,0.0892888150412,0.103506532631492
2020-06-12,vri,0.0973948513624507,0.0971134415908199,0.104315105620482
2020-06-13,vri,0.0801863483549352,0.103084325979934,0.105323141632842
2020-06-14,vri,0.111685238513186,0.10724437139045,0.105729926566416
2020-06-15,vri,0.122112307424371,0.10473652011264,0.106720539926307
2020-06-16,vri,0.109431593305326,0.105766545584507,0.106175457918254
2020-06-17,vri,0.110894950316147,0.112698080130514,0.105783191141526
2020-06-18,vri,0.101450351512065,0.113615996932606,0.105454689721533
2020-06-19,vri,0.10460502966552,0.112378235104941,0.105687512010965
2020-06-20,vri,0.128707090176984,0.112289873590726,0.105817478722364
2020-06-21,vri,0.118110656127831,0.111553529289681,0.105408781370547
2020-06-22,vri,0.113447974630714,0.109903838613608,0.106220941053968
2020-06-23,vri,0.108813062705822,0.107768627779105,0.107416090765903
2020-06-24,vri,0.105740540208831,0.107100407087135,0.108306024289606
2020-06-25,vri,0.089902516779558,0.108217574822514,0.108695435262986
2020-06-26,vri,0.0896585538239986,0.109949386135844,0.108147765844304
2020-06-27,vri,0.124029545333194,0.113944961431629,0.108146560382424
2020-06-28,vri,0.125930830275484,0.1127941297986,0.108908005040603
2020-06-29,vri,0.125570653824018,0.116027996519435,0.10835437731225
2020-06-30,vri,0.136782089776319,0.119421471807356,0.107698703017824
2020-07-01,vri,0.097684718777628,0.116354660039572,0.108716299375177
2020-07-02,vri,0.112539583825406,0.11097297433619,0.109024595277384
2020-07-03,vri,0.113412880839442,0.108359448440666,0.109732969651623
2020-07-04,vri,0.102561862958704,0.106631254349209,0.109624523242677
2020-07-05,vri,0.0882590303518142,0.107418353514558,0.109059737188462
2020-07-06,vri,0.107275972555346,0.104817471295591,0.108516106051667
2020-07-07,vri,0.124684731136124,0.10196662569623,0.107785973830399
2020-07-08,vri,0.103194412935069,0.101968534973028,0.106607727975873
2020-07-09,vri,0.0943334082926374,0.103268485995061,0.106128755190704
2020-07-10,vri,0.0934569616439131,0.102661873930053,0.106658761202552
2020-07-11,vri,0.102575227896292,0.0984321132909792,0.107507053706836
2020-07-12,vri,0.0973586875060435,0.0983246369561962,0.106396417798606
2020-07-13,vri,0.103029688100292,0.104842647775236,0.105545955401182
2020-07-14,vri,0.0950764066626076,0.108655057166444,0.104461013017604
2020-07-15,vri,0.102442078591587,0.111530250715435,0.102085088766251
2020-07-16,vri,0.139959484025915,0.112100672128447,0.101186122039918
2020-07-17,vri,0.120143827382368,0.113348360764198,0.0995756487092926
2020-07-18,vri,0.122701582739233,0.114309120101538,0.097975520313821
2020-07-19,vri,0.101351637397124,0.112752252873122,0.0974312064783363
2020-07-20,vri,0.111763508550555,0.10325313902228,0.097714227308479
2020-07-21,vri,0.101801722023985,0.0991427860610523,0.09733031504473
2020-07-22,vri,0.0915440079926732,0.0967286595461603,0.095610198734879
2020-07-23,vri,0.0734656870700256,0.0986937583397902,0.0940958689659151
2020-07-24,vri,0.0913713566537713,0.0956861811306102,0.0925028690673
2020-07-25,vri,0.105802697134988,0.0954883577490046,0.0908670884636587
2020-07-26,vri,0.115107328952533,0.0956995540810052,0.08884634726858
2020-07-27,vri,0.0907104680862948,0.0945622219618205,0.0871354089733282
2020-07-28,vri,0.100416958352746,0.0916114162952311,0.0852279418233483
2020-07-29,vri,0.0930223823166776,0.0856718001197524,0.0838807045953269
2020-07-30,vri,0.0655043622357325,0.0785720429801471,0.0824895824708317
2020-07-31,vri,0.0707157169876458,0.0779323258098424,0.0794678532514851
2020-08-01,vri,0.0642253839066378,0.0774084253674641,0.0770579224206227
2020-08-02,vri,0.0654090289752955,0.0777993142712066,0.0747459652025352
2020-08-03,vri,0.0862324478941617,0.0788817256433297,0.072913337989984
2020-08-04,vri,0.0967496552560975,0.0770315546259733,0.0705316950325784
2020-08-05,vri,0.0957586046428754,0.0745055585441944,0.0684535010719069
2020-08-06,vri,0.073081241840594,0.0715019177669628,0.0666453608931131
2020-08-07,vri,0.0577645198661515,0.0651762812169297,0.0653040527589378
2020-08-08,vri,0.046543411334185,0.0579306931301284,0.0641439767265189
2020-08-09,vri,0.0443835435346748,0.0507945601241313,0.0624940937770107
2020-08-10,vri,0.0419529920439296,0.0481628526928987,0.0600649746848166
2020-08-11,vri,0.0460305386484885,0.0485834091201242,0.0583857500648955
2020-08-12,vri,0.0458056736008954,0.0489782942788861,0.05665928573602
2020-08-13,vri,0.0546592898219664,0.0494729169820035,0.0551637137862465
2020-08-14,vri,0.0607084148567296,0.0511000418609573,0.054974300086003
2020-08-15,vri,0.0493076074455184,0.051148939342686,0.0545468442510682
2020-08-16,vri,0.0478459024564969,0.0503644459466131,0.0543585699049525
2020-08-17,vri,0.0533428661966062,0.0481925335725954,0.0548356972015622
2020-08-18,vri,0.0463728210205891,0.044848446111471,0.0545318013113646
2020-08-19,vri,0.0403142198283852,0.0425511369113636,0.0542290006238793
2020-08-20,vri,0.0394559032038427,0.0437973045148932,0.0539720625174205
2020-08-21,vri,0.0372998026288585,0.0442206391510555,0.0546913219138111
2020-08-22,vri,0.0332264430447669,0.0436293441747869,0.0560827293997581
2020-08-23,vri,0.0565690756812037,0.0436321312691121,0.0582332821274437
2020-08-24,vri,0.0563062086497423,0.0449417205952032,0.0597856970917202
2020-08-25,vri,0.0422337561867087,0.0464924950515765,0.0630805332194966
2020-08-26,vri,0.0403337294886619,0.0502918533635283,0.0653696971631845
2020-08-27,vri,0.0486230284864803,0.0504808485432993,0.0670002430600757
2020-08-28,vri,0.0481552238234718,0.0508052692395026,0.0677657826245508
2020-08-29,vri,0.0598219512284292,0.0561608537661997,0.0688135216183615
2020-08-30,vri,0.0578920419396007,0.0614154025804243,0.0711655932120606
2020-08-31,vri,0.0585771535231656,0.0669929177440041,0.0734253261606682
2020-09-01,vri,0.0797228478735884,0.0726922374048098,0.0755374905149231
2020-09-02,vri,0.0771155711882338,0.0776689620482214,0.0773398428394826
2020-09-03,vri,0.0876656346315392,0.0836139195489303,0.0799687525223789
2020-09-04,vri,0.0880504614491111,0.0911114680691569,0.082557346716666
2020-09-05,vri,0.0946590237323108,0.0927162030104973,0.0845086767549825
2020-09-06,vri,0.0995067444445632,0.101813703680352,0.0879078233224389
2020-09-07,vri,0.111059993164752,0.105676535441436,0.0900649677650792
2020-09-08,vri,0.0909559924629708,0.106629619592653,0.0918949626844939
2020-09-09,vri,0.14079807587722,0.104196255738926,0.0935666083643289
2020-09-10,vri,0.114705456959125,0.103143947199853,0.0944234622623649
2020-09-11,vri,0.0947220505076315,0.10440248464153,0.0953461416157344
2020-09-12,vri,0.0776254767562213,0.107928470134637,0.0958544670465907
2020-09-13,vri,0.0921405846710507,0.104487001698499,0.0965595663684913
2020-09-14,vri,0.119869755256491,0.102449563669678,0.0979665259780827
2020-09-15,vri,0.115637890914723,0.105943772213627,0.100275151043628
2020-09-16,vri,0.116707796824254,0.111584951110232,0.102184260953117
2020-09-17,vri,0.100443390757373,0.112113396696989,0.102343184122169
2020-09-18,vri,0.119181510315274,0.114303551670128,0.101754844554796
2020-09-19,vri,0.117113729032456,0.115110054248083,0.101063951615485
2020-09-20,vri,0.0958397037783551,0.114324091306359,0.100305823051331
2020-09-21,vri,0.135200840068457,0.113172624995557,0.10008843817903
2020-09-22,vri,0.121283408960414,0.105580887297624,0.100285475517617
2020-09-23,vri,0.111206056232183,0.0997508415912107,0.102356482252506
2020-09-24,vri,0.0923831265817607,0.0951173105870402,0.102822851054183
2020-09-25,vri,0.0660393464297405,0.0873707521323245,0.101062321950972
2020-09-26,vri,0.0763034090875644,0.0843446694561718,0.100081823471726
2020-09-27,vri,0.0634049867491618,0.0867203622072197,0.0996996712362504
2020-09-28,vri,0.0809749308854473,0.0930936505752902,0.0988434848537206
2020-09-29,vri,0.100100830227344,0.0953570676938707,0.0965618142854721
2020-09-30,vri,0.127835905489519,0.0944587874828411,0.0938920542263741
2020-10-01,vri,0.136996145158254,0.0950185998429266,0.0908250087466095
2020-10-02,vri,0.0818832662598042,0.0937243478318207,0.0880979628620861
2020-10-03,vri,0.0700154476103566,0.0927078289815594,0.0845766991424196
2020-10-04,vri,0.0673236732697607,0.0911557158148237,0.0811212180711507
2020-10-05,vri,0.0719151668077058,0.0934542942935931,0.0788205720484439
2020-10-06,vri,0.0929851982755152,0.103869419103271,0.0756197843226185
2020-10-07,vri,0.116971113322369,0.102708581425047,0.0726541381035338
2020-10-08,vri,0.15308619450964,0.102420498976543,0.0695327370465464
2020-10-09,vri,0.154789139927549,0.101598462245723,0.0667198991304977
2020-10-10,vri,0.0618895838627868,0.0978084329485291,0.0648781584295883
2020-10-11,vri,0.0653070961302323,0.088443936503767,0.0625788892132427
2020-10-12,vri,0.06616090969197,0.0716523500226448,0.0606791021694842
2020-10-13,vri,0.0664549931951558,0.053067677523183,0.0581719818851299
2020-10-14,vri,0.0514196382090351,0.046888024717309,0.0550912687422184
2020-10-15,vri,0.0355450891417846,0.0394932393737442,0.0510414016816374
2020-10-16,vri,0.0246964324313168,0.0319630089740899,0.0466403321598785
2020-10-17,vri,0.0186320142216684,0.0263009132458036,0.0441366199176823
2020-10-18,vri,0.0135435987252788,0.0245519946864692,0.0421091167519574
2020-10-19,vri,0.0134492968943897,0.0240904137216249,0.0401528482214389
2020-10-20,vri,0.0268203230971514,0.0230714983060883,0.0378809908372469
2020-10-21,vri,0.0391772082936947,0.0215523518601785,0.0349099267492657
2020-10-22,vri,0.0323140223878746,0.0211585699569183,0.0312434735007113
2020-10-23,vri,0.0175640245225603,0.0202837179144621,0.0263675783630095
2020-10-24,vri,0.00799798910029991,0.0173681539629272,0.0213276548199456
2020-10-25,vri,0.0107871254024575,0.012594455971659,0.0193630812297319
2020-10-26,vri,0.00732533259719662,0.00907522933624861,0.0172685300705289
2020-10-27,vri,0.00641137543640702,0.00747178207189548,0.0151245967070744
2020-10-28,vri,0.00576132235481728,0.00703836355835054,0.0129812057914366
2020-10-29,vri,0.00767943594000165,0.00646475978570221,0.0113416492066591
2020-10-30,vri,0.00633989367208843,0.00673119122018992,0.0102675972679583
2020-10-31,vri,0.00496405950548531,0.0070489400655895,0.00959842604752228
2020-11-01,vri,0.00677189899391919,0.00676295762660787,0.00913191267106434
2020-11-02,vri,0.00919035263861057,0.00621636329747609,0.00877941204051487
2020-11-03,vri,0.00863561735420409,0.00630745218228328,0.00840830659525184
2020-11-04,vri,0.00375944528194586,0.00657106373558342,0.00764283001623973
2020-11-05,vri,0.0038532756360792,0.00611671154154227,0.00639757574021024
2020-11-06,vri,0.00697751586573876,0.0052255720440801,0.00537615704226823
2020-11-07,vri,0.00680934037858628,0.00434484975835683,0.00482075906372322
2020-11-08,vri,0.0035914336356311,0.00407105883069817,0.00458097680257776
2020-11-09,vri,0.00295237615637541,0.00382820027211852,0.00423881828013197
2020-11-10,vri,0.0024705613541412,0.00315040381497196,0.00400328825499377
2020-11-11,vri,0.00184290878833523,0.0026524310438538,0.00379664455505627
2020-11-12,vri,0.00215326572602169,0.00279955421279738,0.00361243079353451
2020-11-13,vri,0.00223294066571281,0.00304015946587667,0.00336190874766732
2020-11-14,vri,0.00332353098075918,0.00311130495939858,0.0031565053845514
2020-11-15,vri,0.00462129581823613,0.00317890849485049,0.00299577678351814
2020-11-16,vri,0.00463661292793044,0.00342215992353142,0.00277536831647033
2020-11-17,vri,0.00296857980879457,0.00336310840168818,0.00247415788390152
2020-11-18,vri,0.0023161335364986,0.00312709846866747,0.00219264014738497
2020-11-19,vri,0.00385602572678818,0.00259578266123518,0.00207202995929344
2020-11-20,vri,0.00181958001281018,0.00204834099523598,0.00194838753604212
2020-11-21,vri,0.0016714614496142,0.00169888241242014,0.00172114641409906
2020-11-22,vri,0.000902085166210049,0.00140506788478473,0.00149988094971784
2020-11-23,vri,0.000804521265936079,0.000884501986426699,0.00138489288393847
2020-11-24,vri,0.000522369729083712,0.00065812048590588,0.00129146635545812
2020-11-25,vri,0.000259431843050702,0.000442736645101859,0.00121352692000862
2020-11-26,vri,0.000212064438281966,0.000339266304016231,0.00115760933707864
2020-11-27,vri,0.000234909509164449,0.000244649190952181,0.00109116808729516
2020-11-28,vri,0.000163774563986054,0.000192831370009473,0.00102287826333932
2020-11-29,vri,0.000177792778610651,0.000177775344080267,0.000917309967934451
2020-11-30,vri,0.00014220147448773,0.000174635461283916,0.000768582702699349
2020-12-01,vri,0.000159644982484759,0.000161239765574734,0.000619637319234272
2020-12-02,vri,0.000154039661546262,0.000158415247653788,0.000525428129807487
2020-12-03,vri,0.000190085258707504,0.000155913737487569,0.000453749858546607
2020-12-04,vri,0.000141139639200179,0.000160081590724986,0.000332257472570199
2020-12-05,vri,0.000144002938539427,0.000157531116405714,0.000277375833456103
2020-12-06,vri,0.000160282207447122,0.000156894065036957,0.000227616945576052
2020-12-07,vri,0.000171376447149646,0.000148650212458215,0.000202629496808919
2020-12-08,vri,0.000141791662249859,0.000152113306920463,0.000181110268157847
2020-12-09,vri,0.000149580301964962,0.000154402634631572,0.000169451274462312
2020-12-10,vri,0.000132378290656311,0.000157826026001643,0.000166073265014589
2020-12-11,vri,0.000165381300435916,0.000155698264782135,0.000162840106500214
2020-12-12,vri,0.000160028232517187,0.000158224864629736,0.000160280728557259
2020-12-13,vri,0.000184245947037621,0.000160892167774472,0.000158912526947634
2020-12-14,vri,0.000156482118613088,0.00016231014425086,0.00015846348054063
2020-12-15,vri,0.000159477861183065,0.00016236787257033,0.000159966569710084
2020-12-16,vri,0.000168251423978114,0.000169685860424438,0.000159799313999222
2020-12-17,vri,0.00014230412599103,0.000168097987902961,0.000159869617650851
2020-12-18,vri,0.000165785398672206,0.000171271229988618,0.000159207840182202
2020-12-19,vri,0.000211254147495942,0.00017026892170476,0.000159785524687869
2020-12-20,vri,0.000173130839387281,0.000168939347765588,0.000159924625503884
2020-12-21,vri,0.000178694813212687,0.000173267318083678,0.000159160132440931
2020-12-22,vri,0.00015246170319606,0.000172168198218939,0.000158652607428124
2020-12-23,vri,0.000158944406403912,0.000158427560412477,0.000159476628816162
2020-12-24,vri,0.000172599918217659,0.000156284322053695,0.000159411338961978
2020-12-25,vri,0.000158091559619036,0.000148289136694352,0.000161121013672842
2020-12-26,vri,0.000115069682850708,0.000149983377152134,0.000159980481839336
2020-12-27,vri,0.000158128170875801,0.000154033340461768,0.000159626155302068
2020-12-28,vri,0.000122728515697288,0.000151465825167659,0.000158624615660471
2020-12-29,vri,0.000164321386400531,0.000151188283949959,0.000158745138572445
2020-12-30,vri,0.000187294149571356,0.00015906860563529,0.000157704073814662
2020-12-31,vri,0.000154627311158891,0.000159117463277347,0.000156599228347097
2021-01-01,vri,0.000156148771095135,0.000162752812894861,0.000156036981623671
2021-01-02,vri,0.000170231934648025,0.000158899388488861,0.000155831504385493
2021-01-03,vri,0.000158470174370202,0.000154450323802299,0.000153155300012971
2021-01-04,vri,0.000148175963019885,0.000156148179906887,0.000152457511185882
2021-01-05,vri,0.000137347415558534,0.000154930013513218,0.000153012017078015
2021-01-06,vri,0.000156150696765419,0.000156849527418102,0.000152032514151209
2021-01-07,vri,0.000166512303891009,0.000152948837569609,0.000150453184922585
2021-01-08,vri,0.000147621606339448,0.00015312347662379,0.000150034394722629
2021-01-09,vri,0.000183668531982217,0.000155530954085383,0.0001509647017113
2021-01-10,vri,0.000131165345430747,0.000156094826829226,0.000151168746477102
2021-01-11,vri,0.000149398436399156,0.000150628200337592,0.000151780305336986
2021-01-12,vri,0.000154199757789683,0.000148840265139268,0.000152700214903285
2021-01-13,vri,0.00016009780597232,0.000140521435468701,0.000152609196509661
2021-01-14,vri,0.000128245918449571,0.000144586540625286,0.000153105039920678
2021-01-15,vri,0.000135106059951181,0.000141953623471165,0.000153796727967653
2021-01-16,vri,0.000125436724288247,0.000141667540154724,0.000152999847715144
2021-01-17,vri,0.000159621081526845,0.000146700709298206,0.000152678290342116
2021-01-18,vri,0.000130968016320306,0.00014596223743282,0.000151399899520716
2021-01-19,vri,0.000152197174574599,0.000142599161660534,0.000150772790402125
2021-01-20,vri,0.000195329989976691,0.000147541945650642,0.000151496736198427
2021-01-21,vri,0.000123076615391872,0.000151310472472399,0.000151761656757479
2021-01-22,vri,0.000111564529545178,0.000149913759544464,0.000151065086564966
2021-01-23,vri,0.000160036212219003,0.000153382011272713,0.000151718062127876
2021-01-24,vri,0.000186000769279147,0.000146952841659793,0.000151119283246268
2021-01-25,vri,0.000121191025824761,0.00015245487297407,0.000151743317303376
2021-01-26,vri,0.00017647493667234,0.000165398433310741,0.000150415144214716
2021-01-27,vri,0.000150325802686247,0.000167590110503473,0.000149696710284046
2021-01-28,vri,0.000161590834591815,0.000159910338252148,0.000148879134077941
2021-01-29,vri,0.000202169451901874,0.000165538079342493,0.000150777627146135
2021-01-30,vri,0.000175377952568129,0.000157487152636186,0.000150992459304841
2021-01-31,vri,0.000132242363519872,0.000154492422175603,0.000151909145275746
2021-02-01,vri,0.000160585213457177,0.000154131701440717,0.000152329049483308
2021-02-02,vri,0.000120118449728191,0.000148692967388588,0.000153059116927993
2021-02-03,vri,0.000129362689462161,0.000144441145323944,0.000152704744872979
2021-02-04,vri,0.000159065789447617,0.000149436646710642,0.000149737512667104
2021-02-05,vri,0.00016409831353697,0.000150168068435898,0.0001510221012877
2021-02-06,vri,0.000145615198115618,0.000154420628066725,0.000152592932101842
2021-02-07,vri,0.000167210873226759,0.000151590707249183,0.000151778323583208
2021-02-08,vri,0.000165705165533967,0.000147816557309463,0.000151375866396365
2021-02-09,vri,0.000149886367143986,0.000143741158202633,0.000151566273781382
2021-02-10,vri,0.000109553243739363,0.000149396231399742,0.000150300737601691
2021-02-11,vri,0.000132646739869579,0.00014573053875483,0.000150458376698099
2021-02-12,vri,0.000135570519789157,0.000143906558452176,0.000149912499082048
2021-02-13,vri,0.000185200710495387,0.000147096821396424,0.000148152966959898
2021-02-14,vri,0.00014155102471237,0.000153284935099495,0.000146667812940944
2021-02-15,vri,0.000152937303415393,0.000154559116964437,0.000146636224978741
2021-02-16,vri,0.000172218207753717,0.000150379474680335,0.000146614709464886
2021-02-17,vri,0.000152870039660858,0.000147009983753816,0.000148187006477023
2021-02-18,vri,0.000141566012924173,0.000149458330790539,0.000148600915208832
2021-02-19,vri,0.000106313023800446,0.000146981281254054,0.000147896139925919
2021-02-20,vri,0.000161614274009756,0.000147225402099785,0.00014833103348519
2021-02-21,vri,0.000158689453969427,0.000143515860344701,0.000148515139679595
2021-02-22,vri,0.000135597956659998,0.000143079122967192,0.000146314206483836
2021-02-23,vri,0.000173927053673838,0.000150042258935485,0.000146016968646958
2021-02-24,vri,0.000126903247375269,0.000147699434949847,0.000145582474223587
2021-02-25,vri,0.000138508851281608,0.000146370011273836,0.000146424612968721
2021-02-26,vri,0.000155054975578502,0.000145687922036624,0.000146410160654909
2021-02-27,vri,0.000145214506110288,0.000139597589319476,0.000147799626790143
2021-02-28,vri,0.000149383488237352,0.000144317089414656,0.000146062177582247
2021-03-01,vri,0.000130823331999513,0.000148428304959039,0.00014679624871682
2021-03-02,vri,0.000131294724653803,0.000146531872935886,0.000146584569301552
2021-03-03,vri,0.000159939748041524,0.000145490162200164,0.000146059000603364
2021-03-04,vri,0.000167287360092293,0.00014945610963984,0.00014519156049637
2021-03-05,vri,0.000141779951416431,0.000152358259918163,0.000145781049514885
2021-03-06,vri,0.000137922530960233,0.000148056567446763,0.000148498968216676
2021-03-07,vri,0.000177145120315086,0.000147606322073348,0.000149037923636142
2021-03-08,vri,0.000151138383947769,0.000143258346980569,0.000149396575441058
2021-03-09,vri,0.000101182877354004,0.000142263697648706,0.000150166822439765
2021-03-10,vri,0.000156788030427622,0.000141448074719418,0.000149725481627078
2021-03-11,vri,0.000136851534442842,0.000141463700938148,0.000151177634197696
2021-03-12,vri,0.000134817406093386,0.000138883536696823,0.000152613991430005
2021-03-13,vri,0.000132213170455215,0.000147796434039045,0.00015132501617749
2021-03-14,vri,0.000177254503846199,0.000146339132686151,0.000150245405666773
2021-03-15,vri,0.000133077234258491,0.000149139077309755,0.00015128714246293
2021-03-16,vri,0.000163573158749563,0.000148000424503706,0.000151922960243494
2021-03-17,vri,0.000146586920957364,0.000151862926364335,0.000152781091513074
2021-03-18,vri,0.000156451146808067,0.00015337665222262,0.000151518221497705
2021-03-19,vri,0.000126846836451041,0.000159763181127653,0.000151380033541006
2021-03-20,vri,0.000159250683479621,0.000160602588180132,0.000151446282727021
2021-03-21,vri,0.00018785058485419,0.000162333794703537,0.00015238707740733
2021-03-22,vri,0.000177782936593726,0.000162938892201416,0.000151083189531997
2021-03-23,vri,0.000169449008116915,0.000169170461921814,0.000150890660924686
2021-03-24,vri,0.000158705366621201,0.000172363159746278,0.000152305126658727
2021-03-25,vri,0.000160686829293219,0.000162153893053257,0.000152096533872103
2021-03-26,vri,0.000170467824493823,0.000152874357938264,0.000153487955700642
2021-03-27,vri,0.000181599568250874,0.000154472441367572,0.000153456242710172
2021-03-28,vri,0.000116385718003042,0.000153214226909749,0.00015345932876598
2021-03-29,vri,0.000112826190788775,0.000152693060259461,0.000152955978651138
2021-03-30,vri,0.000180635592122072,0.000145776749271836,0.000153686409938013
2021-03-31,vri,0.000149897865416439,0.000143139914006185,0.000152180840353843
2021-04-01,vri,0.000157038662741198,0.000147051586719593,0.000152291558174762
2021-04-02,vri,0.000122053647580452,0.000154668755373982,0.000153946028625654
2021-04-03,vri,0.000163141721391314,0.000148582025650125,0.000155279382388063
2021-04-04,vri,0.000143767426996899,0.000147934119980414,0.000155658709838566
2021-04-05,vri,0.000166146371369498,0.000146016718070988,0.000153544431443841
2021-04-06,vri,0.000138028484055077,0.000150084803677909,0.000153070062167053
2021-04-07,vri,0.000145362525728459,0.000152292299093298,0.000152116936928229
2021-04-08,vri,0.000143616849375214,0.000150877811862207,0.000151351609829525
2021-04-09,vri,0.0001505302468289,0.000146043437685059,0.000152166362183037
2021-04-10,vri,0.000178594189299037,0.000149489940020181,0.000155330385402262
2021-04-11,vri,0.000133866016379266,0.000150865318182507,0.000164588425173967
2021-04-12,vri,0.000132305752129462,0.000147263778446685,0.000175634365673114
2021-04-13,vri,0.000162154000400932,0.00014717495112612,0.000185110511616164
2021-04-14,vri,0.00015499017286474,0.000151102246988375,0.00019260541279328
2021-04-15,vri,0.000118406071224455,0.000155813880266098,0.000198234746658176
2021-04-16,vri,0.000149908455584949,0.000161288845246846,0.000203578120833284
2021-04-17,vri,0.000206085260334818,0.000155898592762778,0.000212405403473437
2021-04-18,vri,0.000166847449323328,0.000157121690680681,0.000217821727036861
2021-04-19,vri,0.000170630506994697,0.000160328716356075,0.000227421102989698
2021-04-20,vri,0.000124422233012456,0.000158305444652523,0.000237160187259522
2021-04-21,vri,0.000163551858290063,0.00015531175030449,0.000247214512487864
2021-04-22,vri,0.000140855250952214,0.000169389046268381,0.000260703529617765
2021-04-23,vri,0.00013574555366008,0.000210633368326568,0.000270247764904923
2021-04-24,vri,0.000185129399898588,0.000256825039750142,0.000282099261082177
2021-04-25,vri,0.000265388521070568,0.000290190569863026,0.000301639434138605
2021-04-26,vri,0.000459340761402005,0.000327994480789219,0.000314815977561414
2021-04-27,vri,0.000447763932977473,0.000354141956175397,0.000328906383557318
2021-04-28,vri,0.000397110569080253,0.000373029168760518,0.000338615749363029
2021-04-29,vri,0.000405482627435566,0.00039038396957687,0.000350598454004803
2021-04-30,vri,0.000318777881363327,0.000371282636275731,0.000362144128722611
2021-05-01,vri,0.000317339887994434,0.000368994746647807,0.000380746800595634
2021-05-02,vri,0.000386872126785033,0.00037773879384552,0.000392593230813749
2021-05-03,vri,0.000325631428294033,0.000382621024341199,0.000405170768389497
2021-05-04,vri,0.000431748705582,0.000415657475521507,0.000427784890285907
2021-05-05,vri,0.000458318899464244,0.000431743764092295,0.000441420254509113
2021-05-06,vri,0.000439658240905321,0.000448772764858222,0.000458159721386597
2021-05-07,vri,0.000550033039625482,0.000511511043815057,0.000481364855937533
2021-05-08,vri,0.000429943907989953,0.000525427274312421,0.000493881268328309
2021-05-09,vri,0.000506075132146521,0.00053924142181847,0.000502087489914193
2021-05-10,vri,0.000764799380991875,0.00054120952662803,0.000512008228119509
2021-05-11,vri,0.000529162319063548,0.000536129279841244,0.000512758913134597
2021-05-12,vri,0.000555017932006588,0.00054110533766535,0.000521720600120149
2021-05-13,vri,0.000453434974572241,0.000569950120469506,0.000565113623173498
2021-05-14,vri,0.000514471312117984,0.000540904232738991,0.000595826558834597
2021-05-15,vri,0.00046477631275869,0.000543048698100737,0.000649360049213924
2021-05-16,vri,0.000707988611775619,0.000585053874083653,0.000773056766410516
2021-05-17,vri,0.00056147816687827,0.000596489329103141,0.000861902871224849
2021-05-18,vri,0.00054417357659577,0.000618098550888368,0.000960423145411093
2021-05-19,vri,0.000849054163887,0.000671274690134312,0.00140267059446569
2021-05-20,vri,0.000533483159708656,0.00064316744922113,0.00207204248395406
2021-05-21,vri,0.000665735864614574,0.000624572860734964,0.00278884409246732
2021-05-22,vri,0.000837009287480297,0.000627263873682721,0.00322963324961682
2021-05-23,vri,0.000511237925383342,0.000574807751963811,0.00366237406131697
2021-05-24,vri,0.000431316047475109,0.00060096937808315,0.00430308352440879
2021-05-25,vri,0.000563010667230068,0.000748564434664028,0.00515425967141627
2021-05-26,vri,0.000481861311854627,0.00081854463606235,0.00566867593367531
2021-05-27,vri,0.000716614542544034,0.00102047958854232,0.00608573150902989
2021-05-28,vri,0.00169890126068072,0.00153432606803047,0.00665310147059908
2021-05-29,vri,0.00132687069726855,0.00188993244002832,0.00732180411260919
2021-05-30,vri,0.00192478259274312,0.00228984363174643,0.00801993850809464
2021-05-31,vri,0.00402824140389219,0.00414449472241442,0.00897993953654564
2021-06-01,vri,0.00305225527121502,0.00683600534004792,0.0106682374943533
2021-06-02,vri,0.00328123965388138,0.00978126759705287,0.0130347740549429
2021-06-03,vri,0.01369917217722,0.0114739711915339,0.0177111087092584
2021-06-04,vri,0.0205394755841152,0.0128145321708343,0.0224994535465019
2021-06-05,vri,0.0219437064963032,0.0151966898499323,0.0258044384744966
2021-06-06,vri,0.0137737077541105,0.0184850961552658,0.0288649815508114
2021-06-07,vri,0.0134121682589944,0.0188083072994965,0.0321707086744809
2021-06-08,vri,0.019727359024901,0.0177407658150006,0.0360600123158671
2021-06-09,vri,0.0263000837912164,0.0171023125757641,0.039313306296911
2021-06-10,vri,0.0159616501868345,0.0180740044069514,0.0437392633113625
2021-06-11,vri,0.0130666851926441,0.0192163815381411,0.0485275267381994
2021-06-12,vri,0.017474533821648,0.0206136187439132,0.0529218759722943
2021-06-13,vri,0.0205755505724214,0.0241722377596119,0.0569878689265164
2021-06-14,vri,0.0214088081773222,0.0321120406463906,0.0604410614224852
2021-06-15,vri,0.0295080194653056,0.0504080990179201,0.0637074692546825
2021-06-16,vri,0.0512104169011073,0.0685094267972579,0.0679095454949703
2021-06-17,vri,0.0715402703942855,0.0798293886732632,0.0716913183473722
2021-06-18,vri,0.141139093793351,0.0900071734446346,0.074832331798125
2021-06-19,vri,0.144183828277013,0.100032178040372,0.0784514291007522
2021-06-20,vri,0.0998152837044578,0.109446464952937,0.081512998934448
2021-06-21,vri,0.092653301576922,0.113249544910689,0.0854919011138314
2021-06-22,vri,0.0996830516354699,0.112124041760981,0.0872737039545593
2021-06-23,vri,0.11711042528906,0.112149854485358,0.0909561837202927
2021-06-24,vri,0.0981618300985468,0.11696615371094,0.0931775117504439
2021-06-25,vri,0.1332605717454,0.121345204817656,0.096585318815659
2021-06-26,vri,0.144364517347652,0.122179134222847,0.0989602617034065
2021-06-27,vri,0.133529378283526,0.120023427234382,0.103185145409127
2021-06-28,vri,0.123306659323934,0.124445243288854,0.104624630939025
2021-06-29,vri,0.105520557471807,0.122084365214645,0.107054705282472
2021-06-30,vri,0.102020476369809,0.116879373550667,0.110544565592132
2021-07-01,vri,0.129114542479849,0.116248375890582,0.11307111676616
2021-07-02,vri,0.116734425225941,0.114888967631045,0.115496706585859
2021-07-03,vri,0.107929575699804,0.118834712725875,0.115085431556061
2021-07-04,vri,0.12911239466293,0.113812680884592,0.113317885817445
2021-07-05,vri,0.113790801507176,0.113967996529885,0.113290076168906
2021-07-06,vri,0.133140773135613,0.11056878216843,0.11332278143351
2021-07-07,vri,0.0668662534808319,0.112035394517499,0.112753922317988
2021-07-08,vri,0.130201751996903,0.105635762683519,0.111952345954691
2021-07-09,vri,0.0929399246957513,0.109982940324388,0.112195956131437
2021-07-10,vri,0.11819586214329,0.100071417943497,0.111625088114411
2021-07-11,vri,0.0843149718250677,0.103992101514911,0.11009871796873
2021-07-12,vri,0.144221044993259,0.104563826766083,0.109369801012074
2021-07-13,vri,0.0637601164693739,0.109430544969825,0.109364035528315
2021-07-14,vri,0.0943110384807336,0.113160845375818,0.109534167342675
2021-07-15,vri,0.134203828755105,0.119515969815013,0.110276194407839
2021-07-16,vri,0.127006952121946,0.111935457118622,0.110057236486177
2021-07-17,vri,0.14430796498524,0.116967011087039,0.109775492577275
2021-07-18,vri,0.128800842899433,0.116870356949081,0.109999797918159
2021-07-19,vri,0.0911574561185227,0.10950084972261,0.110249203852994
2021-07-20,vri,0.0989809942482911,0.104651732903785,0.109815155292237
2021-07-21,vri,0.0936344595150291,0.0991034715345956,0.109334807054329
2021-07-22,vri,0.0826172781698106,0.0972939984396212,0.111837693245833
2021-07-23,vri,0.0930631343901701,0.098353420848009,0.10978763015749
2021-07-24,vri,0.105470135400913,0.100164974467373,0.109465397994655
2021-07-25,vri,0.116134531234612,0.104379150938249,0.108514758521161
2021-07-26,vri,0.0985734129772373,0.108380184328651,0.10798378436956
2021-07-27,vri,0.11166186958384,0.112839920605015,0.105563086565218
2021-07-28,vri,0.123133694811161,0.115279301952024,0.105499427217823
2021-07-29,vri,0.110624511902621,0.114157527198351,0.104532789932106
2021-07-30,vri,0.12428128832472,0.116455430476788,
2021-07-31,vri,0.122545804829977,0.120017245208811,
2021-08-01,vri,0.108282107958901,0.116822338047855,
2021-08-02,vri,0.114658735926299,0.117980311490106,
2021-08-03,vri,0.136594572707995,0.120504818761707,
2021-08-04,vri,0.10076934468447,0.112812540835513,
2021-08-05,vri,0.118730325998381,0.109239805385769,
2021-08-06,vri,0.141952839225925,0.105670939958938,
2021-08-07,vri,0.0686998593466178,0.0959268220402286,
2021-08-08,vri,0.083272959810697,0.0917597886371624,
2021-08-09,vri,0.0896766779384805,0.083634075787042,
2021-08-10,vri,0.0683857472770285,0.0726853730275099,
2021-08-11,vri,0.0716001108630069,,
2021-08-12,vri,0.061850336047538,,
2021-08-13,vri,0.0653119199092006,,
