lon,lat,presence,date
2.1388620000000063,41.38611599381006,TRUE,2018-04-17
2.1603274345397874,41.39816283561243,TRUE,2018-04-24
2.160355329513552,41.39816665030964,TRUE,2018-04-25
2.1818805000000037,41.3912049938124,TRUE,2018-04-25
2.181889300000002,41.39124999381237,TRUE,2018-04-25
2.143684999999998,41.422702993826725,TRUE,2018-04-26
2.1603250503540035,41.39816665030964,TRUE,2018-04-26
2.1603424549102845,41.39816665030964,TRUE,2018-04-27
2.1603238582611124,41.39815902091515,TRUE,2018-05-03
2.1503990000000033,41.41266299382211,TRUE,2018-05-07
2.1603364944457977,41.39816665030963,TRUE,2018-05-07
2.1808863000000027,41.39157999381251,TRUE,2018-05-07
2.1206130000000005,41.38571999380987,TRUE,2018-05-09
2.160348892211912,41.39816665030964,TRUE,2018-05-11
2.142619609832761,41.39797973014355,TRUE,2018-05-19
2.164151668548579,41.42306136467646,TRUE,2018-05-19
2.1116452,41.40862699382032,TRUE,2018-05-23
2.1560761928558305,41.37609099722351,TRUE,2018-05-23
2.160357236862181,41.39816283561244,TRUE,2018-05-23
2.160391092300425,41.39817046500691,TRUE,2018-05-23
2.158403158187878,41.437591546567866,TRUE,2018-05-24
2.1659422000000013,41.41413499382278,TRUE,2018-05-24
2.1181957721710236,41.37836074209752,TRUE,2018-05-28
2.1597690582275457,41.43605040887185,TRUE,2018-05-28
2.118058204650885,41.37834166861122,TRUE,2018-05-31
2.115086799999999,41.38297999380865,TRUE,2018-06-02
2.1218376000000037,41.39238699381288,TRUE,2018-06-04
2.1736648000000005,41.409396993820636,TRUE,2018-06-05
2.161647799999998,41.38683699381036,TRUE,2018-06-07
2.1293530464172425,41.382743829257706,TRUE,2018-06-08
2.1383416652679372,41.404254907148385,TRUE,2018-06-08
2.1212084000000035,41.39874299381577,TRUE,2018-06-09
2.157088518142702,41.44025420526049,TRUE,2018-06-09
2.190379100000004,41.388119993810946,TRUE,2018-06-09
2.1592989999999976,41.41433299382287,TRUE,2018-06-10
2.179951000000003,41.40211999381735,TRUE,2018-06-10
2.185480000000005,41.397269993815144,TRUE,2018-06-11
2.1281679999999996,41.37499599380496,TRUE,2018-06-15
2.147181034088134,41.41484832145982,TRUE,2018-06-16
2.147551774978645,41.4121627745836,TRUE,2018-06-16
2.147252798080442,41.41472625114727,TRUE,2018-06-17
2.1476099491119434,41.41218947746453,TRUE,2018-06-17
2.147647857666021,41.41223906852896,TRUE,2018-06-17
2.180093999999999,41.40210999381732,TRUE,2018-06-18
2.184421300000003,41.43055299383025,TRUE,2018-06-18
2.1474075317382812,41.415306085131895,TRUE,2018-06-20
2.173603000000007,41.40937399382063,TRUE,2018-06-21
2.1711730000000027,41.425822993828135,TRUE,2018-06-23
2.1736112000000025,41.40935499382065,TRUE,2018-06-24
2.1841449737548846,41.44472884515513,TRUE,2018-06-24
2.155500200000005,41.36995699380267,TRUE,2018-06-26
2.1648259999999997,41.41447399382292,TRUE,2018-06-27
2.1714983000000028,41.41728599382425,TRUE,2018-06-27
2.199554399999998,41.40796699382,TRUE,2018-06-29
2.1388955000000003,41.38654999381024,TRUE,2018-07-03
2.1428248882293723,41.41833495476222,TRUE,2018-07-06
2.1748466000000013,41.42244999382661,TRUE,2018-07-07
2.11216259002686,41.3862533507437,TRUE,2018-07-08
2.183274999999999,41.415239993823256,TRUE,2018-07-09
2.1428389549255384,41.41833876945952,TRUE,2018-07-10
2.1602637767791704,41.43311690667324,TRUE,2018-07-12
2.147401300000001,41.40393999381817,TRUE,2018-07-14
2.147407300000003,41.40394199381817,TRUE,2018-07-14
2.1833610000000037,41.41519999382328,TRUE,2018-07-16
2.1473997000000007,41.403929993818124,TRUE,2018-07-19
2.1453837999999994,41.40468599381846,TRUE,2018-07-21
2.1648755000000013,41.41444399382292,TRUE,2018-07-23
2.164955600000002,41.414435993822956,TRUE,2018-07-23
2.1861386299133345,41.410823815842754,TRUE,2018-07-25
2.1857401999999997,41.39225399381284,TRUE,2018-07-26
2.1476507000000056,41.406749993819446,TRUE,2018-07-27
2.1427230834960893,41.41840743401024,TRUE,2018-07-30
2.1427876949310263,41.41831969597312,TRUE,2018-07-30
2.1503827999999996,41.41264299382215,TRUE,2018-07-30
2.1555380000000004,41.36997599380268,TRUE,2018-07-30
2.1568909000000014,41.40657799381938,TRUE,2018-07-30
2.150345000000001,41.412642993822146,TRUE,2018-08-01
2.169638399999998,41.38184699380814,TRUE,2018-08-01
2.1216743000000036,41.392562993812994,TRUE,2018-08-02
2.1436214000000033,41.40726499381967,TRUE,2018-08-03
2.150540400000005,41.40601699381913,TRUE,2018-08-03
2.1281967000000015,41.37491599380495,TRUE,2018-08-04
2.1230435000000054,41.39246399381294,TRUE,2018-08-05
2.145894000000003,41.406413993819264,TRUE,2018-08-07
2.167896499999997,41.441382993835134,TRUE,2018-08-07
2.121683999999999,41.392684993813056,TRUE,2018-08-08
2.1505891999999993,41.4060599938191,TRUE,2018-08-10
2.1248243000000033,41.39189999381267,TRUE,2018-08-11
2.1424513000000003,41.40920299382052,TRUE,2018-08-12
2.1436245,41.40716599381965,TRUE,2018-08-12
2.158932700000001,41.39234499381283,TRUE,2018-08-12
2.1393439769744926,41.410095208664785,TRUE,2018-08-13
2.144663799999999,41.40170999381713,TRUE,2018-08-13
2.1690439999999986,41.41753799382434,TRUE,2018-08-13
2.128146000000003,41.37495999380496,TRUE,2018-08-14
2.1365147000000038,41.3870199938105,TRUE,2018-08-14
2.1994776725769016,41.39829253531947,TRUE,2018-08-14
2.1799610000000045,41.388749993811246,TRUE,2018-08-15
2.1633505999999993,41.4091219938205,TRUE,2018-08-18
2.202996700000001,41.40349599381797,TRUE,2018-08-18
2.2077842000000016,41.39940999381608,TRUE,2018-08-20
2.1990599632263166,41.4055099425494,TRUE,2018-08-21
2.17571091651917,41.391227715980385,TRUE,2018-08-24
2.164838299999999,41.414382993822926,TRUE,2018-08-27
2.1724260000000033,41.42210399382641,TRUE,2018-08-27
2.140996217727661,41.38840865469981,TRUE,2018-08-28
2.161307000000002,41.425299993827885,TRUE,2018-09-02
2.1654189999999987,41.408539993820256,TRUE,2018-09-04
2.192417399999996,41.40872999382035,TRUE,2018-09-05
2.1635807000000002,41.41049599382112,TRUE,2018-09-06
2.1665000000000028,41.37289999380402,TRUE,2018-09-07
2.136161800000002,41.38879399381123,TRUE,2018-09-08
2.163590200000001,41.410539993821175,TRUE,2018-09-08
2.205153,41.39904799381591,TRUE,2018-09-08
2.190040000000003,41.407306993819674,TRUE,2018-09-09
2.1543621999999996,41.37700299380589,TRUE,2018-09-10
2.1636989116668692,41.371643060209664,TRUE,2018-09-13
2.169579999999998,41.4017749938172,TRUE,2018-09-13
2.128202700000001,41.375026993805015,TRUE,2018-09-14
2.1984272003173833,41.405487054365786,TRUE,2018-09-14
2.132790565490725,41.3780364928298,TRUE,2018-09-15
2.161305999999998,41.42527399382791,TRUE,2018-09-15
2.189397300000005,41.39687299381495,TRUE,2018-09-15
2.1330156326293883,41.37748717642327,TRUE,2018-09-17
2.157472399999998,41.40113999381688,TRUE,2018-09-17
2.184345000000005,41.384936993809525,TRUE,2018-09-17
2.1445934772491495,41.37996291494985,TRUE,2018-09-18
2.1736202000000002,41.40946199382065,TRUE,2018-09-18
2.1844350000000046,41.38501999380955,TRUE,2018-09-18
2.1966896057128973,41.40552138664115,TRUE,2018-09-18
2.1560435295105003,41.408985131759934,TRUE,2018-09-19
2.1654335999999983,41.4086099938203,TRUE,2018-09-19
2.1444215774536115,41.3798980650963,TRUE,2018-09-20
2.1480927467346165,41.389152520666926,TRUE,2018-09-20
2.148565530776983,41.389114373694184,TRUE,2018-09-20
2.1648563999999997,41.414332993822875,TRUE,2018-09-20
2.1329317092895552,41.37745284414788,TRUE,2018-09-21
2.146062612533573,41.38908004141883,TRUE,2018-09-21
2.1485652923584007,41.3890838561161,TRUE,2018-09-21
2.1608860492706286,41.40102767326023,TRUE,2018-09-21
2.1148788928985636,41.39288710929162,TRUE,2018-09-22
2.190531700000002,41.407459993819785,TRUE,2018-09-23
2.1792280000000006,41.42701699382865,TRUE,2018-09-24
2.179293,41.426883993828625,TRUE,2018-09-24
2.184486200000003,41.385024993809544,TRUE,2018-09-24
2.1989622116088965,41.405372613447696,TRUE,2018-09-24
2.1636212000000015,41.41060999382121,TRUE,2018-09-25
2.1284053000000016,41.40044799381656,TRUE,2018-09-27
2.1284115000000003,41.400429993816594,TRUE,2018-09-27
2.1771950000000024,41.423819993827195,TRUE,2018-09-27
2.156628800000001,41.390624993812104,TRUE,2018-09-28
2.161709308624269,41.39925002433363,TRUE,2018-09-28
2.1666026000000005,41.372912993804036,TRUE,2018-10-01
2.1409447,41.38189699380814,TRUE,2018-10-02
2.1550438000000014,41.39514999381413,TRUE,2018-10-02
2.1469183,41.39092999381221,TRUE,2018-10-03
2.1736765000000036,41.40946599382069,TRUE,2018-10-04
2.1889770000000013,41.38509399380957,TRUE,2018-10-04
2.1903190000000023,41.38809199381093,TRUE,2018-10-07
2.1190061999999985,41.385482993809774,TRUE,2018-10-08
2.1911525999999992,41.3864099938102,TRUE,2018-10-08
2.1737417999999997,41.409429993820666,TRUE,2018-10-09
2.1284907000000013,41.4004669938166,TRUE,2018-10-11
2.140881000000003,41.38184699380814,TRUE,2018-10-11
2.1115868000000018,41.38838599381107,TRUE,2018-10-12
2.1696692000000053,41.41951999382524,TRUE,2018-10-12
2.1706244999999997,41.41916299382509,TRUE,2018-10-12
2.1708860000000016,41.419159993825076,TRUE,2018-10-12
2.1284761000000016,41.40045999381656,TRUE,2018-10-13
2.1849882602691704,41.40321349479443,TRUE,2018-10-15
2.128456800000003,41.4004629938166,TRUE,2018-10-18
2.188047599999999,41.38780999381085,TRUE,2018-10-20
2.1649089999999984,41.41437999382288,TRUE,2018-10-22
2.1435869999999984,41.40716999381961,TRUE,2018-10-23
2.148501399999999,41.39489399381406,TRUE,2018-10-24
2.1222536563873318,41.39903258658935,TRUE,2018-10-25
2.1939613819122323,41.39209746695727,TRUE,2018-10-26
2.1740832328796427,41.39114760733774,TRUE,2018-10-31
2.1476739999999994,41.38603999381002,TRUE,2018-11-04
2.1737193999999977,41.40940999382064,TRUE,2018-11-04
2.141384600000002,41.426539993828456,TRUE,2018-11-06
2.1411337999999978,41.37649499380564,TRUE,2018-11-09
2.1459085941314737,41.389167779455924,TRUE,2018-11-15
2.1516650000000013,41.38356399380889,TRUE,2018-11-15
2.1516650000000013,41.38356399380889,TRUE,2018-11-15
2.1513572000000036,41.378074993806365,TRUE,2018-11-18
2.132871627807621,41.377708428864814,TRUE,2018-11-26
2.167413700000001,41.39058699381207,TRUE,2019-02-04
2.1718189716339125,41.44043731072927,TRUE,2019-05-09
2.1699574000000013,41.41802999382457,TRUE,2019-05-31
2.1736404999999994,41.409429993820666,TRUE,2019-06-02
2.171612700000001,41.38704999381047,TRUE,2019-06-06
2.148946046829223,41.408946984787264,TRUE,2019-06-10
2.143979300000004,41.39781599381538,TRUE,2019-06-22
2.133146524429319,41.37749480581781,TRUE,2019-06-24
2.133021831512448,41.377658837800304,TRUE,2019-06-25
2.1209176,41.425223993827856,TRUE,2019-06-26
2.149194699999999,41.40771999381989,TRUE,2019-07-01
2.19314789772034,41.40106200553566,TRUE,2019-07-05
2.161204814910889,41.3851509032334,TRUE,2019-07-07
2.1278154999999987,41.37592999380542,TRUE,2019-07-09
2.162506799999999,41.41425699382286,TRUE,2019-07-09
2.1503960000000024,41.40573999381899,TRUE,2019-07-16
2.1815925000000003,41.42339299382701,TRUE,2019-07-16
2.1698589999999993,41.382132993808234,TRUE,2019-07-18
2.1697366000000025,41.38232399380832,TRUE,2019-07-19
2.1612341403961204,41.38521575308696,TRUE,2019-07-23
2.1243687000000033,41.41836499382471,TRUE,2019-07-25
2.1625590000000035,41.4141919938228,TRUE,2019-07-25
2.2068929999999973,41.40738299381973,TRUE,2019-07-25
2.158624400000001,41.39223499381283,TRUE,2019-07-28
2.1380422000000006,41.36921999380232,TRUE,2019-07-29
2.1644209999999995,41.43924699383419,TRUE,2019-07-29
2.176032781600949,41.4026069579288,TRUE,2019-07-30
2.138072500000003,41.36926299380237,TRUE,2019-08-01
2.1380215000000016,41.369219993802325,TRUE,2019-08-05
2.1732411000000003,41.37885699380675,TRUE,2019-08-05
2.1350407600402823,41.38449859000068,TRUE,2019-08-07
2.1457278999999994,41.36787799380173,TRUE,2019-08-07
2.1380370000000024,41.369219993802325,TRUE,2019-08-08
2.145666100000003,41.36796999380181,TRUE,2019-08-08
2.1380698999999983,41.369229993802385,TRUE,2019-08-09
2.1868710517883336,41.38568114615368,TRUE,2019-08-09
2.136008299999998,41.380969993807696,TRUE,2019-08-10
2.1602265999999988,41.41782399382451,TRUE,2019-08-12
2.1602473000000026,41.417823993824506,TRUE,2019-08-12
2.173152699999998,41.37889999380678,TRUE,2019-08-12
2.156589999999995,41.44062799383483,TRUE,2019-08-15
2.1592426000000042,41.43773699383354,TRUE,2019-08-17
2.1592517000000013,41.437729993833536,TRUE,2019-08-17
2.1592607000000004,41.43771399383352,TRUE,2019-08-17
2.164871200000001,41.41440599382291,TRUE,2019-08-17
2.1647786999999967,41.41436999382286,TRUE,2019-08-18
2.1345961093902597,41.40194320060436,TRUE,2019-08-21
2.1511002000000037,41.428592993829355,TRUE,2019-08-21
2.1520872000000004,41.43259399383119,TRUE,2019-08-21
2.156589499999998,41.44062799383483,TRUE,2019-08-22
2.1213812999999995,41.396983993814985,TRUE,2019-08-24
2.1525101661682107,41.4350662169768,TRUE,2019-08-24
2.1741419999999994,41.408412993820164,TRUE,2019-08-24
2.1743488000000033,41.40830599382018,TRUE,2019-08-24
2.1992435455322292,41.405231469648825,TRUE,2019-08-24
2.1653365999999994,41.38216799380823,TRUE,2019-08-26
2.1741200000000016,41.40834999382014,TRUE,2019-08-26
2.1741482999999975,41.408369993820195,TRUE,2019-08-26
2.1651096343994105,41.400066369548775,TRUE,2019-08-27
2.174076300000007,41.40833699382018,TRUE,2019-08-27
2.1831397999999993,41.451865993839945,TRUE,2019-08-27
2.121431400000001,41.39697599381498,TRUE,2019-08-28
2.1380968000000022,41.36934699380235,TRUE,2019-08-28
2.1381220000000014,41.36936599380241,TRUE,2019-08-28
2.1381490000000016,41.36936599380242,TRUE,2019-08-28
2.138023399999999,41.36929999380238,TRUE,2019-08-29
2.164855700000004,41.414359993822885,TRUE,2019-08-29
2.1588809999999987,41.39230699381286,TRUE,2019-09-01
2.173166800000002,41.37888699380674,TRUE,2019-09-03
2.138017400000002,41.369224993802355,TRUE,2019-09-04
2.1566464999999977,41.440593993834824,TRUE,2019-09-04
2.156567300000001,41.4305899938303,TRUE,2019-09-05
2.1794564723968524,41.39448928214395,TRUE,2019-09-09
2.1591003000000026,41.3924669938129,TRUE,2019-09-15
2.194260799999999,41.39654499381481,TRUE,2019-09-16
2.1365862000000004,41.37888299380673,TRUE,2019-09-17
2.1591634999999996,41.392352993812835,TRUE,2019-09-17
2.1731756000000018,41.37888299380673,TRUE,2019-09-17
2.1793351173400897,41.394851678384285,TRUE,2019-09-17
2.1368108000000015,41.37920799380689,TRUE,2019-09-24
2.146788100000002,41.38700499381047,TRUE,2019-09-25
2.142770767211911,41.36968612051157,TRUE,2019-09-27
2.192743778228759,41.41048430778591,TRUE,2019-09-28
2.153071399999997,41.4118899938218,TRUE,2019-09-29
2.14276957511902,41.3698272643104,TRUE,2019-10-01
2.1697166000000014,41.382329993808284,TRUE,2019-10-01
2.1916732788085924,41.433361047298334,TRUE,2019-10-01
2.151433000000003,41.41100999382136,TRUE,2019-10-02
2.1501870000000047,41.41293299382227,TRUE,2019-10-06
2.1526470000000066,41.37878799380667,TRUE,2019-10-07
2.152648699999999,41.3788449938067,TRUE,2019-10-07
2.152677500000002,41.37879599380671,TRUE,2019-10-07
2.1805836999999997,41.43346399383162,TRUE,2019-10-14
2.1542587000000006,41.41325399382241,TRUE,2019-10-18
2.1584249999999976,41.38337999380882,TRUE,2019-10-25
2.1622402999999983,41.386289993810124,TRUE,2019-10-27
2.147712945938111,41.41208648063828,TRUE,2020-03-12
2.142640829086302,41.41848754265286,TRUE,2020-04-23
2.1279202000000037,41.37581599380536,TRUE,2020-04-26
2.1569590568542494,41.41147612907545,TRUE,2020-04-26
2.158984699999998,41.39240999381293,TRUE,2020-04-26
2.1565635204315194,41.41178893425141,TRUE,2020-04-30
2.159273999999999,41.437716993833476,TRUE,2020-04-30
2.1565589904785214,41.41182326652687,TRUE,2020-05-01
2.1652200222015394,41.409725183029806,TRUE,2020-05-03
2.145415999999999,41.371569993803384,TRUE,2020-05-06
2.145430300000002,41.37156699380343,TRUE,2020-05-08
2.145435300000001,41.37152999380342,TRUE,2020-05-08
2.163052600000001,41.43677999383306,TRUE,2020-05-08
2.178554296493533,41.39043044425151,TRUE,2020-05-08
2.154764700000004,41.401009993816835,TRUE,2020-05-11
2.154562700000002,41.42779999382899,TRUE,2020-05-13
2.1380490000000023,41.36930499380239,TRUE,2020-05-15
2.145487799999999,41.37156699380341,TRUE,2020-05-15
2.1572484970092787,41.440044396910736,TRUE,2020-05-17
2.2031908035278307,41.398513787761,TRUE,2020-05-17
2.1453754999999965,41.371569993803384,TRUE,2020-05-18
2.130041000000001,41.38968299381168,TRUE,2020-05-19
2.163040599999998,41.43677999383306,TRUE,2020-05-19
2.150469,41.405894993819075,TRUE,2020-05-20
2.193348169326785,41.42625808098651,TRUE,2020-05-21
2.136557,41.37885299380676,TRUE,2020-05-22
2.159004700000001,41.39241999381292,TRUE,2020-05-22
2.183364629745485,41.42405700066319,TRUE,2020-05-22
2.183369636535641,41.424060815360484,TRUE,2020-05-22
2.1446042,41.401689993817136,TRUE,2020-05-25
2.1834936141967836,41.424060815360484,TRUE,2020-05-25
2.186480045318603,41.431591027766245,TRUE,2020-05-25
2.136243343353266,41.41870879509437,TRUE,2020-05-28
2.1698968410491926,41.41841887810204,TRUE,2020-05-30
2.13588643074036,41.37711715078831,TRUE,2020-05-31
2.13567066192627,41.377052300934785,TRUE,2020-06-01
2.1393594741821333,41.40044020988103,TRUE,2020-06-06
2.151936300000001,41.41092299382131,TRUE,2020-06-06
2.1865973000000003,41.427649993828965,TRUE,2020-06-06
2.1246047000000043,41.379189993806854,TRUE,2020-06-07
2.168800600000002,41.372806993804,TRUE,2020-06-10
2.1644055999999967,41.36726399380145,TRUE,2020-06-11
2.175061700000003,41.37774699380621,TRUE,2020-06-11
2.1939425000000012,41.39055299381208,TRUE,2020-06-11
2.1150681972503764,41.33601760242981,TRUE,2020-06-12
2.1801004409789995,41.404041284101424,TRUE,2020-06-14
2.168785800000002,41.38265599380848,TRUE,2020-06-15
2.1907207999999994,41.45307999384049,TRUE,2020-06-15
2.1652832031250004,41.40984343864505,TRUE,2020-06-18
2.145451300000002,41.37157999380341,TRUE,2020-06-19
2.1217953999999994,41.38533399380967,TRUE,2020-06-20
2.1897488,41.42884399382947,TRUE,2020-06-20
2.0946893692016637,41.415515893481654,TRUE,2020-06-22
2.1746986000000015,41.3975679938152,TRUE,2020-06-22
2.203455209732061,41.3985633788255,TRUE,2020-06-24
2.1454214999999985,41.371573993803445,TRUE,2020-06-25
2.159016999999999,41.39244499381291,TRUE,2020-06-25
2.1624818000000023,41.41427999382286,TRUE,2020-06-25
2.1701109409332306,41.418491357350156,TRUE,2020-06-25
2.1484572999999973,41.403007993817766,TRUE,2020-06-26
2.2031533718109158,41.39793776847362,TRUE,2020-06-27
2.135718822479252,41.377292626862655,TRUE,2020-06-29
2.164093499999999,41.37405799380451,TRUE,2020-06-30
2.1639980000000048,41.373897993804455,TRUE,2020-07-02
2.164132400000003,41.374034993804536,TRUE,2020-07-02
2.1648529,41.41436799382288,TRUE,2020-07-03
2.1484413000000027,41.40309499381777,TRUE,2020-07-04
2.1307304000000067,41.38436999380927,TRUE,2020-07-08
2.1701740000000043,41.421485993826124,TRUE,2020-07-10
2.192039966583252,41.39139556266018,TRUE,2020-07-10
2.1395332999999987,41.41760599382434,TRUE,2020-07-11
2.156318902969362,41.37417983389252,TRUE,2020-07-11
2.1045544147491517,41.388626092444,TRUE,2020-07-12
2.1867759227752726,41.40716933586063,TRUE,2020-07-12
2.138488292694094,41.41800689079724,TRUE,2020-07-13
2.158968400000002,41.392055993812725,TRUE,2020-07-13
2.1590072999999994,41.39206999381272,TRUE,2020-07-13
2.2035191059112536,41.398593896403604,TRUE,2020-07-13
2.1590276000000004,41.39249399381293,TRUE,2020-07-17
2.1647775,41.425513993828,TRUE,2020-07-18
2.1590595000000032,41.39253999381296,TRUE,2020-07-19
2.1399460000000015,41.413969993822754,TRUE,2020-07-20
2.1590564,41.39253599381298,TRUE,2020-07-20
2.187534000000003,41.42416999382735,TRUE,2020-07-22
2.158051729202268,41.392185204994405,TRUE,2020-07-23
2.132481599999999,41.32460399378201,TRUE,2020-07-29
2.1763579845428533,41.40891265251184,TRUE,2020-07-29
2.1365354000000027,41.3788449938067,TRUE,2020-07-30
2.1145064830780007,41.33501433704844,TRUE,2020-08-04
2.1365323000000007,41.378833993806765,TRUE,2020-08-07
2.18265533447266,41.429073327569775,TRUE,2020-08-10
2.1906638145446795,41.394973748696884,TRUE,2020-08-13
2.1160106658935476,41.33460616444082,TRUE,2020-08-16
2.130825499999997,41.38421999380921,TRUE,2020-08-17
2.114727973937996,41.33490371082768,TRUE,2020-08-18
2.1307669000000033,41.384259993809195,TRUE,2020-08-18
2.203482866287231,41.39854812003642,TRUE,2020-08-18
2.1525024999999984,41.401559993817074,TRUE,2020-08-20
2.2029192447662402,41.39852141715547,TRUE,2020-08-20
2.2034335136413654,41.398487084880145,TRUE,2020-08-20
2.203447341918945,41.39854812003642,TRUE,2020-08-21
2.1438973000000043,41.3886399938112,TRUE,2020-08-26
2.158842299999999,41.3923259938129,TRUE,2020-08-26
2.122739000000002,41.39841499381562,TRUE,2020-09-01
2.1428103,41.3942299938137,TRUE,2020-09-01
2.214344300000002,41.40049699381654,TRUE,2020-09-01
2.177573680877691,41.396308892740514,TRUE,2020-09-02
2.166936874389647,41.3790359435138,TRUE,2020-09-06
2.136038500000001,41.36097299379856,TRUE,2020-09-07
2.162394000000003,41.3873369938106,TRUE,2020-09-10
2.1921417713165363,41.391372674476514,TRUE,2020-09-10
2.1563174724578906,41.37418364858982,TRUE,2020-09-12
2.1473739147186306,41.400520318523604,TRUE,2020-09-16
2.147453546524049,41.40045928336737,TRUE,2020-09-20
2.164109700000001,41.37383699380446,TRUE,2020-09-21
2.184509299999998,41.406239993819206,TRUE,2020-09-21
2.135977500000003,41.381089993807755,TRUE,2020-09-22
2.1617433999999998,41.40237799381747,TRUE,2020-09-22
2.2027569999999996,41.406299993819204,TRUE,2020-09-22
2.1399138000000004,41.41387599382265,TRUE,2020-09-23
2.139949800000001,41.4139979938227,TRUE,2020-09-24
2.190331697463994,41.43292235711251,TRUE,2020-09-25
2.166667461395264,41.37897490835759,TRUE,2020-09-27
2.158946999999999,41.42069839382575,TRUE,2020-09-30
2.1782988999999997,41.39453609381386,TRUE,2020-10-04
2.169626300000002,41.3731270938041,TRUE,2020-10-05
2.151485300000002,41.41101199382138,TRUE,2020-10-06
2.1610774993896507,41.38298415518562,TRUE,2020-10-06
2.151474900000001,41.41100119382137,TRUE,2020-10-07
2.1779565811157213,41.380493157870006,TRUE,2020-10-07
2.151458800000002,41.41099859382134,TRUE,2020-10-09
2.172350500000002,41.390506493812026,TRUE,2020-10-09
2.14300587773323,41.394158752059845,TRUE,2020-10-11
2.1780040264129608,41.38048934317269,TRUE,2020-10-11
2.161056041717526,41.38299559927745,TRUE,2020-10-13
2.1597683429717964,41.39263152457469,TRUE,2020-10-15
2.1597714424133323,41.39265059806103,TRUE,2020-10-15
2.1859745000000026,41.433690393831654,TRUE,2020-10-18
2.1514734999999963,41.410998393821366,TRUE,2020-10-19
2.112662382423881,41.389310079238896,TRUE,2020-11-02
2.2009441852569656,41.39408873893088,TRUE,2020-11-08
2.1854464709758794,41.3873639184195,TRUE,2020-11-11
2.201651400000004,41.39542949381428,TRUE,2020-11-11
2.1159873008728067,41.334213250622284,TRUE,2020-11-12
2.1824075281620012,41.38286315123558,TRUE,2020-11-16
2.182314200000001,41.382913193808626,TRUE,2020-11-21
2.1779673099517805,41.3804664549891,TRUE,2020-11-22
2.1824228,41.382870293808566,TRUE,2020-12-05
2.182352700000002,41.38290539380857,TRUE,2020-12-20
2.1893718838691734,41.41987252834288,TRUE,2021-04-28
2.189394012093542,41.41989289315053,TRUE,2021-04-28
2.189397029578694,41.419859706053366,TRUE,2021-04-28
2.176340299999995,41.448040093838195,TRUE,2021-04-30
2.1767059417622128,41.44818778627867,TRUE,2021-04-30
2.1384404227137614,41.41932619599824,TRUE,2021-05-07
2.198685854675431,41.41604844332638,TRUE,2021-05-07
2.192352000000002,41.410288093821045,TRUE,2021-05-18
2.1517355000000014,41.410973293821385,TRUE,2021-05-19
2.143321000000004,41.4327945938313,TRUE,2021-05-27
2.146514500000001,41.43205359383094,TRUE,2021-05-27
2.146518299999999,41.43207649383095,TRUE,2021-05-27
2.1520258000000014,41.410941393821375,TRUE,2021-05-27
2.0915821354991286,41.427253790966354,TRUE,2021-06-01
2.1514364000000015,41.41102339382139,TRUE,2021-06-01
2.1694651991128926,41.38700094052984,TRUE,2021-06-02
2.1633916720747925,41.427005351543826,TRUE,2021-06-07
2.16056931763887,41.4227132316048,TRUE,2021-06-09
2.095186784863476,41.4302303512092,TRUE,2021-06-10
2.1516588999999953,41.38636259381017,TRUE,2021-06-26
2.1545758999999998,41.37776479380623,TRUE,2021-06-26
2.1545929000000004,41.377755793806244,TRUE,2021-06-27
2.1538664000000045,41.352586493794796,TRUE,2021-07-08
2.1899462000000023,41.433527193831615,TRUE,2021-07-15
2.1365754000000017,41.378856293806784,TRUE,2021-07-17
2.1453658000000013,41.39571119381441,TRUE,2021-07-25
2.136766700000003,41.37888209380675,TRUE,2021-07-26
2.154360500000001,41.37782499380626,TRUE,2021-07-31
2.1391829000000038,41.41071979382124,TRUE,2021-08-01
2.169513814151289,41.381800047286056,TRUE,2021-08-07
2.1898890000000004,41.43351039383161,TRUE,2021-08-09
2.1732528108241573,41.38691235485728,TRUE,2021-08-12
2.194260800000007,41.39844619381566,TRUE,2021-08-14
2.1303389999999993,41.38439459380924,TRUE,2021-08-16
2.110354299999998,41.401286993816974,TRUE,2021-08-17
2.136709600000004,41.378830893806715,TRUE,2021-08-20
2.1367354,41.378932993806785,TRUE,2021-08-20
2.149464000000005,41.38654869381026,TRUE,2021-08-21
2.189908300000001,41.43351759383159,TRUE,2021-08-25
2.1922097000000003,41.41034749382106,TRUE,2021-08-26
2.192563900000001,41.41037899382111,TRUE,2021-08-27
2.1301262000000034,41.38429679380919,TRUE,2021-08-29
2.1463778000000016,41.41269069382213,TRUE,2021-08-29
2.168719500000002,41.37614929380551,TRUE,2021-08-30
2.192464700000002,41.41036699382107,TRUE,2021-08-30
2.192281199999997,41.410364893821075,TRUE,2021-08-31
2.1353895000000063,41.40417009381826,TRUE,2021-09-03
2.1366001999999997,41.37887619380674,TRUE,2021-09-04
2.1366518000000028,41.37893139380678,TRUE,2021-09-04
2.1240075999999983,41.3774825938061,TRUE,2021-09-06
2.135395700000002,41.404164693818245,TRUE,2021-09-07
2.1922202999999985,41.41035279382108,TRUE,2021-09-07
2.136751200000002,41.37889979380675,TRUE,2021-09-08
2.1464705000000035,41.410198593821,TRUE,2021-09-08
2.1466974,41.41027829382106,TRUE,2021-09-08
2.192225200000001,41.41035229382108,TRUE,2021-09-09
2.1303018000000002,41.38440759380925,TRUE,2021-09-10
2.136568700000001,41.378880793806715,TRUE,2021-09-10
2.1367495999999986,41.37891749380674,TRUE,2021-09-11
2.1864073000000013,41.43268619383124,TRUE,2021-09-11
2.1922211999999965,41.410363793821105,TRUE,2021-09-11
2.1366818000000003,41.37894629380676,TRUE,2021-09-12
2.1260325238108635,41.37964586264219,TRUE,2021-09-13
2.1365692000000016,41.37888609380676,TRUE,2021-09-13
2.1365730000000007,41.37887669380677,TRUE,2021-09-13
2.1590422,41.395377693814225,TRUE,2021-09-13
2.1925789999999963,41.41038729382112,TRUE,2021-09-13
2.1392709,41.410675593821225,TRUE,2021-09-14
2.130500413477418,41.40313628061481,TRUE,2021-09-16
2.151520699999998,41.41101209382138,TRUE,2021-09-16
2.163415800000006,41.42680649382858,TRUE,2021-09-16
2.1553073,41.37659939380572,TRUE,2021-09-19
2.1922200000000003,41.4103678938211,TRUE,2021-09-20
2.1922132000000016,41.410368193821085,TRUE,2021-09-21
2.1925653000000014,41.41039539382112,TRUE,2021-09-21
2.120411756571824,41.40179184266076,TRUE,2021-09-23
2.1367195999999957,41.37894199380676,TRUE,2021-09-23
2.15177890033508,41.38573570447563,TRUE,2021-09-24
2.1365554000000038,41.378851393806706,TRUE,2021-09-26
2.136603499999999,41.37886829380675,TRUE,2021-09-28
2.1366420999999995,41.37889069380674,TRUE,2021-09-28
2.192256900000007,41.41035149382106,TRUE,2021-09-28
2.1254716068506236,41.402846320994534,TRUE,2021-09-29
2.1330065423433666,41.377480963640515,TRUE,2021-09-29
2.1421395242214203,41.38014850372253,TRUE,2021-09-29
2.1674092859029783,41.38857710008455,TRUE,2021-09-29
2.09332798046665,41.42998411427981,TRUE,2021-09-30
2.182036500000002,41.3990140938159,TRUE,2021-09-30
2.192219600000001,41.410347493821064,TRUE,2021-09-30
2.1365632000000017,41.37887939380673,TRUE,2021-10-01
2.136902900000001,41.37380459380446,TRUE,2021-10-01
2.1365609999999995,41.37884719380674,TRUE,2021-10-02
2.136920000000002,41.37380799380443,TRUE,2021-10-02
2.145430259406568,41.41339544131276,TRUE,2021-10-02
2.1863023000000013,41.433205093831454,TRUE,2021-10-02
2.1893645273562297,41.42247411026019,TRUE,2021-10-02
2.136776900000002,41.378864293806714,TRUE,2021-10-03
2.1453645999999984,41.41325199382241,TRUE,2021-10-03
2.1682858000000005,41.423917493827254,TRUE,2021-10-03
2.117329699999999,41.38175799380806,TRUE,2021-10-05
2.1640509000000034,41.37390139380444,TRUE,2021-10-05
2.1642043604759733,41.390681460095735,TRUE,2021-10-05
2.1683003999999984,41.423931893827245,TRUE,2021-10-05
2.1862607000000014,41.4330026938314,TRUE,2021-10-05
2.136865400000005,41.37881819380674,TRUE,2021-10-06
2.136577599999999,41.37889029380674,TRUE,2021-10-07
2.1709889951627708,41.40531020996956,TRUE,2021-10-07
2.1710092068375824,41.40534366939245,TRUE,2021-10-07
2.136596499999997,41.37887419380673,TRUE,2021-10-08
2.145345400000001,41.413278393822424,TRUE,2021-10-08
2.1857728801414593,41.42934632110078,TRUE,2021-10-09
2.1365697999999966,41.37888609380676,TRUE,2021-10-10
2.164001600000002,41.36467039380026,TRUE,2021-10-10
2.136696099999998,41.373896193804505,TRUE,2021-10-11
2.1453284999999966,41.41329719382242,TRUE,2021-10-11
2.1453329000000037,41.4132985938224,TRUE,2021-10-11
2.145336100000002,41.41329459382243,TRUE,2021-10-11
2.145336100000002,41.41329459382243,TRUE,2021-10-11
2.1367845000000054,41.37887329380675,TRUE,2021-10-12
2.1453562000000024,41.4132372938224,TRUE,2021-10-12
2.1454143000000023,41.413334193822436,TRUE,2021-10-12
2.1899465000000036,41.38939989381156,TRUE,2021-10-14
2.1513928,41.411029893821386,TRUE,2021-10-15
2.136587300000002,41.37893659380676,TRUE,2021-10-16
2.1368915999999984,41.37907729380682,TRUE,2021-10-17
2.1453857000000016,41.41326499382238,TRUE,2021-10-17
2.0932881161590005,41.42997505927127,TRUE,2021-10-18
2.0933149018666324,41.4299785104985,TRUE,2021-10-18
2.093315682009873,41.42997972028902,TRUE,2021-10-18
2.1925457999999973,41.41038369382108,TRUE,2021-10-18
2.1514053000000017,41.41102589382139,TRUE,2021-10-19
2.1864025000000025,41.41205609382184,TRUE,2021-10-19
2.1515001000000002,41.41100849382138,TRUE,2021-10-20
2.136314000000006,41.372870493804,TRUE,2021-10-22
2.1367400999999973,41.378898693806754,TRUE,2021-10-24
2.1454033,41.41330939382246,TRUE,2021-10-24
2.1453520999999984,41.41323279382241,TRUE,2021-10-27
2.175163887441163,41.38340802929643,TRUE,2021-10-28
2.147549288349359,41.388474705998036,TRUE,2021-10-31
2.1349136531352992,41.37186751250376,TRUE,2021-11-15
2.1663900464773205,41.35731189911493,TRUE,2021-11-15
2.1781240000000035,41.41746429382427,TRUE,2021-12-16
2.13855660074029,41.38929293954968,TRUE,2022-04-02
2.1679591387510277,41.40801133160693,TRUE,2022-04-28
2.1367997000000014,41.37884669380672,TRUE,2022-05-03
2.125075981020932,41.37876157723887,TRUE,2022-05-08
2.13949352502823,41.42130760310194,TRUE,2022-05-10
2.151490100000002,41.41102349382139,TRUE,2022-05-10
2.1489842,41.39290739381315,TRUE,2022-05-12
2.1683188900351533,41.408010074290274,TRUE,2022-05-13
2.1634134,41.4269141938286,TRUE,2022-05-15
2.155485525727268,41.432795103284185,TRUE,2022-05-16
2.1702876314520863,41.38627019926967,TRUE,2022-05-17
2.171074524521833,41.38786926679861,TRUE,2022-05-17
2.1863989000000004,41.43270459383125,TRUE,2022-05-19
2.2034075236301907,41.39858070016424,TRUE,2022-05-21
2.151748600000003,41.41099159382139,TRUE,2022-05-23
2.1819605,41.39891519381588,TRUE,2022-05-25
2.1520921960473096,41.43489675195275,TRUE,2022-05-26
2.1523666999999973,41.43496669383224,TRUE,2022-05-26
2.167684882879258,41.408374192178385,TRUE,2022-05-27
2.1678877249360116,41.408116191730876,TRUE,2022-05-27
2.16792494058609,41.408131279504474,TRUE,2022-05-27
2.167988643050192,41.40802843111115,TRUE,2022-05-27
2.168009430170062,41.40807344301967,TRUE,2022-05-27
2.151441000000001,41.41099069382133,TRUE,2022-06-01
2.1369632000000007,41.37381849380443,TRUE,2022-06-02
2.171389013528821,41.386584129739894,TRUE,2022-06-02
2.124257900000002,41.37592059380542,TRUE,2022-06-05
2.1368971000000014,41.3737789938044,TRUE,2022-06-06
2.1453770000000025,41.41324639382238,TRUE,2022-06-06
2.136622799999998,41.37890199380675,TRUE,2022-06-07
2.1457942000000023,41.37710689380591,TRUE,2022-06-08
2.1514516999999986,41.41101549382134,TRUE,2022-06-11
2.1586113050579994,41.42963307596277,TRUE,2022-06-11
2.2034182661662376,41.398571811090434,TRUE,2022-06-12
2.1469420194625926,41.39644927644994,TRUE,2022-06-14
2.1469654887914693,41.39643016183346,TRUE,2022-06-14
2.147032544016836,41.3964077776044,TRUE,2022-06-14
2.1517426999999993,41.41107559382137,TRUE,2022-06-15
2.1609827131032917,41.37705335033734,TRUE,2022-06-16
2.191320800000004,41.41500659382317,TRUE,2022-06-18
2.1678267046809183,41.408389531354004,TRUE,2022-06-20
2.148989200000001,41.39288109381315,TRUE,2022-06-21
2.203407984728434,41.3985803754053,TRUE,2022-06-23
2.203407121490971,41.398584823091554,TRUE,2022-06-26
2.203407121490971,41.398584823091554,TRUE,2022-06-26
2.1733721718192114,41.379500956384106,TRUE,2022-06-29
2.202654853463171,41.40586706841203,TRUE,2022-06-29
2.202856199999997,41.40596319381904,TRUE,2022-06-29
2.145382700000004,41.41329639382243,TRUE,2022-07-02
2.168349400162704,41.39096113859192,TRUE,2022-07-04
2.145429999999999,41.4133024938224,TRUE,2022-07-12
2.1454451000000017,41.41331549382243,TRUE,2022-07-12
2.1454133999999994,41.413295893822436,TRUE,2022-07-14
2.136761299999998,41.37882749380676,TRUE,2022-07-16
2.1453996,41.41329889382239,TRUE,2022-07-16
2.1985567999999995,41.41666879382392,TRUE,2022-07-16
2.136600699999999,41.378851693806716,TRUE,2022-07-29
2.2190955000000003,41.41542969382335,TRUE,2022-07-29
2.1366757999999972,41.37880449380673,TRUE,2022-07-30
2.2191105000000007,41.4154583938234,TRUE,2022-08-02
2.2190456000000043,41.41547939382343,TRUE,2022-08-04
2.2190011999999992,41.41547639382341,TRUE,2022-08-18
2.1364165724058957,41.380567403621235,TRUE,2022-08-19
2.219045400000002,41.4155061938234,TRUE,2022-08-19
2.152022458612917,41.41080050298809,TRUE,2022-08-23
2.2190539999999968,41.415427793823405,TRUE,2022-08-23
2.1503202617168458,41.40907224673283,TRUE,2022-08-25
2.1373985000000015,41.381878893808135,TRUE,2022-08-29
2.2034525027569525,41.39858192556954,TRUE,2022-08-30
2.2034540939003504,41.39858056585764,TRUE,2022-08-30
2.2034545704140283,41.39858026447407,TRUE,2022-08-30
2.2190365999999986,41.41545539382337,TRUE,2022-08-30
2.1954562999999983,41.40771349381985,TRUE,2022-08-31
2.219074500000002,41.415471393823424,TRUE,2022-08-31
2.1048754724776093,41.38925862406403,TRUE,2022-09-01
2.151504500000003,41.41099669382138,TRUE,2022-09-02
2.2034553674537465,41.398582119497476,TRUE,2022-09-02
2.2190841999999997,41.41552639382343,TRUE,2022-09-02
2.2035625000000008,41.407007593819536,TRUE,2022-09-03
2.151786088943481,41.410935784310624,TRUE,2022-09-05
2.137444200000001,41.3818392938081,TRUE,2022-09-07
2.1374512000000045,41.38183299380808,TRUE,2022-09-07
2.2190509999999963,41.41545109382337,TRUE,2022-09-07
2.1374525999999983,41.38183199380811,TRUE,2022-09-09
2.1910184249281888,41.414616434568494,TRUE,2022-09-09
2.1912356838583915,41.424361933972115,TRUE,2022-09-10
2.137440600000002,41.38183979380812,TRUE,2022-09-11
2.1820946999999995,41.39900129381589,TRUE,2022-09-11
2.1454134000000007,41.4132109938224,TRUE,2022-09-12
2.1454159999999973,41.41321459382236,TRUE,2022-09-12
2.136808099999999,41.37880949380669,TRUE,2022-09-13
2.2190454000000037,41.415428993823404,TRUE,2022-09-13
2.1374557000000016,41.381827993808116,TRUE,2022-09-14
2.1493499729795813,41.38105165034998,TRUE,2022-09-14
2.2190391000000007,41.41546019382339,TRUE,2022-09-14
2.1820522,41.39894559381589,TRUE,2022-09-15
2.1820647999999983,41.39895159381586,TRUE,2022-09-15
2.129927499999999,41.38429129380924,TRUE,2022-09-18
2.1299777999999963,41.384340593809256,TRUE,2022-09-18
2.137428800000001,41.381829193808066,TRUE,2022-09-18
2.1515204999999975,41.41098529382135,TRUE,2022-09-19
2.19309079632282,41.39830158757905,TRUE,2022-09-19
2.19309079632282,41.39830158757905,TRUE,2022-09-19
2.1195594141796543,41.40195703036757,TRUE,2022-09-20
2.120095923302584,41.40195090535161,TRUE,2022-09-20
2.1304767000000013,41.384402493809276,TRUE,2022-09-21
2.1372459000000035,41.38199549380817,TRUE,2022-09-21
2.168640586143916,41.404418864618286,TRUE,2022-09-21
2.133001225695632,41.37742131496238,TRUE,2022-09-22
2.219061600000002,41.41546219382343,TRUE,2022-09-22
2.137267000000003,41.38197419380816,TRUE,2022-09-23
2.1594196000000014,41.40371439381806,TRUE,2022-09-23
2.1912454068660803,41.424378526372394,TRUE,2022-09-23
2.1191339577884114,41.40194478180568,TRUE,2022-09-26
2.2190589,41.41551729382341,TRUE,2022-09-26
2.1300435000000015,41.384317993809205,TRUE,2022-09-27
2.1300684000000008,41.384289993809205,TRUE,2022-09-28
2.130071000000002,41.384327293809214,TRUE,2022-09-28
2.137265500000004,41.38198979380813,TRUE,2022-09-28
2.1507960185408574,41.41072632444814,TRUE,2022-09-28
2.1190724248034147,41.4023031746727,TRUE,2022-09-29
2.1190786060202567,41.40228750356513,TRUE,2022-09-29
2.2190687000000007,41.41545469382338,TRUE,2022-09-29
2.173218713086112,41.42558547480569,TRUE,2022-10-05
2.119011286908495,41.40233286574597,TRUE,2022-10-06
2.2205713000000014,41.413682393822555,TRUE,2022-10-08
2.107352575324868,41.39999379896042,TRUE,2022-10-12
2.137491500000002,41.38182909380808,TRUE,2022-10-13
2.1374821000000006,41.381821193808086,TRUE,2022-10-14
2.1985370999999985,41.416550393823925,TRUE,2022-10-15
2.1374487000000024,41.38184009380807,TRUE,2022-10-18
2.1900806576013596,41.40471732995383,TRUE,2022-10-18
2.191107699999999,41.38822229381099,TRUE,2022-10-18
2.1912172999999973,41.41494969382314,TRUE,2022-10-18
2.1329573545460385,41.3774086487687,TRUE,2022-10-21
2.137485400000004,41.38182029380807,TRUE,2022-10-21
2.1909035999999973,41.388107493810935,TRUE,2022-10-21
2.137485200000002,41.38182809380808,TRUE,2022-10-22
2.137488700000003,41.381816393808116,TRUE,2022-10-25
2.137477000000002,41.38183279380807,TRUE,2022-10-26
2.1908303350210208,41.38812231682568,TRUE,2022-10-27
2.190990932285788,41.388177907206575,TRUE,2022-10-27
2.1882873000000034,41.37822439380647,TRUE,2022-11-01
2.1792731999999977,41.40706399381957,TRUE,2022-11-06
2.1156097999999997,41.378840093806744,TRUE,2022-11-08
2.1908569999999985,41.388133393810975,TRUE,2022-11-08
2.1907166764140134,41.388268461571506,TRUE,2022-11-14
2.1677801012992854,41.38596029206242,TRUE,2023-03-14
2.151455700000002,41.41100249382136,TRUE,2023-03-19
2.1518169,41.41096049382137,TRUE,2023-03-19
2.195932567119596,41.40815013921662,TRUE,2023-04-13
2.137398400000001,41.3818680938081,TRUE,2023-04-27
2.1374550000000023,41.38188209380809,TRUE,2023-05-05
2.1923903748393068,41.41149475972525,TRUE,2023-05-08
2.136617600000003,41.37886919380672,TRUE,2023-05-09
2.1374631000000015,41.381769993808064,TRUE,2023-05-14
2.1375005000000042,41.381843693808094,TRUE,2023-05-14
2.1374260000000023,41.3818710938081,TRUE,2023-05-22
2.167426600000002,41.38997509381181,TRUE,2023-05-27
2.2034094173196066,41.398558834744506,TRUE,2023-05-29
2.1587361000000005,41.379287293806954,TRUE,2023-06-01
2.1608049999999985,41.40281019381763,TRUE,2023-06-01
2.191898599999999,41.41004129382092,TRUE,2023-06-01
2.2035825186505726,41.39837261175865,TRUE,2023-06-03
2.104996300000001,41.392879693813164,TRUE,2023-06-05
2.148167000000002,41.40465409381851,TRUE,2023-06-05
2.1924795879796912,41.41039825318171,TRUE,2023-06-05
2.1924860267705575,41.410402799117435,TRUE,2023-06-05
2.2143515000000047,41.41157729382162,TRUE,2023-06-05
2.1923968328709926,41.410350083782,TRUE,2023-06-06
2.107235600000001,41.416246993823734,TRUE,2023-06-08
2.1481608000000034,41.40466939381849,TRUE,2023-06-08
2.1641276031732577,41.37395452732434,TRUE,2023-06-08
2.1849216881033495,41.40729304019541,TRUE,2023-06-08
2.1855367999999973,41.412823693822205,TRUE,2023-06-10
2.15825356543064,41.43534668344154,TRUE,2023-06-11
2.1191633949173236,41.40232922504861,TRUE,2023-06-12
2.1685510022518844,41.402350356269515,TRUE,2023-06-12
2.136577300000002,41.37885159380676,TRUE,2023-06-13
2.14326473467048,41.43318128983764,TRUE,2023-06-13
2.1073055000000016,41.41617159382374,TRUE,2023-06-14
2.1073044,41.41617239382369,TRUE,2023-06-15
2.184953615069396,41.413181211958005,TRUE,2023-06-15
2.142072468996047,41.427513911120634,TRUE,2023-06-16
2.205551639199258,41.411207351914435,TRUE,2023-06-16
2.1513961487525224,41.422785096291655,TRUE,2023-06-17
2.1791053935885407,41.43922099235096,TRUE,2023-06-17
2.1825166000000005,41.4407857938349,TRUE,2023-06-17
2.214179635047911,41.410420557097886,TRUE,2023-06-17
2.1654542908072476,41.387235631247194,TRUE,2023-06-19
2.185437418520449,41.412858106489324,TRUE,2023-06-19
2.213169519054776,41.41479478658897,TRUE,2023-06-19
2.1222343000000023,41.377981293806364,TRUE,2023-06-20
2.136736600000001,41.37889999380677,TRUE,2023-06-20
2.1608779000000014,41.402911393817696,TRUE,2023-06-20
2.162475600000002,41.41430569382287,TRUE,2023-06-20
2.1650185000000004,41.39695929381496,TRUE,2023-06-20
2.117171700000006,41.381944693808116,TRUE,2023-06-21
2.147508400000001,41.4227864938267,TRUE,2023-06-21
2.150670800000003,41.35261499379478,TRUE,2023-06-21
2.1855413999999986,41.41281799382219,TRUE,2023-06-21
2.122203795957443,41.39578362999255,TRUE,2023-06-22
2.1720441000000013,41.37552359380522,TRUE,2023-06-22
2.1785973000000003,41.417926693824526,TRUE,2023-06-22
2.185528099999998,41.41280129382219,TRUE,2023-06-22
2.1855421999999973,41.41282169382219,TRUE,2023-06-22
2.1855495000000027,41.41279429382219,TRUE,2023-06-22
2.104497100000001,41.41357729382255,TRUE,2023-06-23
2.1300590000000006,41.38435019380926,TRUE,2023-06-24
2.1499190000000024,41.43078039383035,TRUE,2023-06-24
2.1833476995029177,41.3842341411229,TRUE,2023-06-24
2.1301923999999977,41.384404793809274,TRUE,2023-06-25
2.1320787000000014,41.3723814938038,TRUE,2023-06-25
2.134384700000004,41.41963269382527,TRUE,2023-06-25
2.1373867000000057,41.38184919380809,TRUE,2023-06-25
2.1501025000000027,41.430800793830386,TRUE,2023-06-25
2.1501943999999984,41.430800893830344,TRUE,2023-06-25
2.152650947203737,41.42214991554745,TRUE,2023-06-25
2.1895051999999997,41.43066939383033,TRUE,2023-06-25
2.2043253393625646,41.41753571086407,TRUE,2023-06-25
2.20476442525624,41.41795643442911,TRUE,2023-06-25
2.1190726182804123,41.402238209911005,TRUE,2023-06-26
2.1190772571651117,41.40230598232676,TRUE,2023-06-26
2.1365940999999973,41.37883989380675,TRUE,2023-06-26
2.1381191000000035,41.37968069380714,TRUE,2023-06-26
2.1381191000000035,41.37968069380714,TRUE,2023-06-26
2.159326449036598,41.4372873857047,TRUE,2023-06-26
2.1765088214194956,41.41814568870145,TRUE,2023-06-26
2.1855429000000015,41.41282619382221,TRUE,2023-06-26
2.204764425256269,41.41795643442904,TRUE,2023-06-26
2.145152999999996,41.43899289383409,TRUE,2023-06-27
2.150181792676452,41.36830748184035,TRUE,2023-06-27
2.165898866951467,41.41283120191481,TRUE,2023-06-27
2.2040711104912325,41.411553646409736,TRUE,2023-06-27
2.107214600000004,41.41623119382376,TRUE,2023-06-28
2.135967090725901,41.37786822293424,TRUE,2023-06-28
2.1360351517796503,41.37780079946993,TRUE,2023-06-28
2.1373711000000037,41.38186469380811,TRUE,2023-06-28
2.137395200000001,41.38188579380814,TRUE,2023-06-28
2.137435500000002,41.38187169380813,TRUE,2023-06-28
2.156759300000005,41.40936439382065,TRUE,2023-06-28
2.160813400000004,41.40282409381764,TRUE,2023-06-28
2.175165600000005,41.42695259382863,TRUE,2023-06-28
2.1763421293153273,41.4041091814289,TRUE,2023-06-28
2.1894775999999982,41.43069099383036,TRUE,2023-06-28
2.1366039000000017,41.37885289380672,TRUE,2023-06-29
2.1648068726062797,41.397157519328346,TRUE,2023-06-29
2.152659351936731,41.422118860708686,TRUE,2023-06-30
2.1703361968812227,41.42404274497021,TRUE,2023-06-30
2.185517300000003,41.41280689382221,TRUE,2023-06-30
2.1138119219594986,41.416103248169286,TRUE,2023-07-01
2.175194300000005,41.42126199382607,TRUE,2023-07-01
2.1044527000000026,41.41360559382254,TRUE,2023-07-02
2.1625377999999964,41.41418929382279,TRUE,2023-07-02
2.162487800000002,41.41421279382281,TRUE,2023-07-03
2.1961055651828505,41.39096263053403,TRUE,2023-07-03
2.138991460450801,41.4224241058766,TRUE,2023-07-04
2.159139100000002,41.38706589381046,TRUE,2023-07-04
2.159148600000005,41.3870904938105,TRUE,2023-07-04
2.159333499999999,41.38718859381054,TRUE,2023-07-04
2.1648169308900824,41.3971680825515,TRUE,2023-07-04
2.1645956486463582,41.397473409259845,TRUE,2023-07-05
2.1366055000000004,41.37888009380675,TRUE,2023-07-06
2.1428368985652924,41.42758505383826,TRUE,2023-07-06
2.166772596538068,41.4148221103335,TRUE,2023-07-06
2.176029199999998,41.4137291938226,TRUE,2023-07-06
2.204819724180422,41.4179697517925,TRUE,2023-07-06
2.113806898565453,41.41611587676823,TRUE,2023-07-07
2.1591241999999995,41.387007093810425,TRUE,2023-07-07
2.159185500000004,41.38700089381045,TRUE,2023-07-07
2.1626155999999974,41.414183493822854,TRUE,2023-07-07
2.1798432404664956,41.443802892698976,TRUE,2023-07-07
2.1798432404664956,41.443802892698976,TRUE,2023-07-07
2.1855457000000036,41.412796893822176,TRUE,2023-07-07
2.2035442826950846,41.39863695529859,TRUE,2023-07-09
2.204834177948924,41.41793620645969,TRUE,2023-07-09
2.1045986999999977,41.413575293822554,TRUE,2023-07-10
2.159318600000006,41.38711279381049,TRUE,2023-07-10
2.159605900000002,41.38804479381092,TRUE,2023-07-10
2.104581200000002,41.41356729382253,TRUE,2023-07-11
2.187124700000003,41.368018693801794,TRUE,2023-07-11
2.2034958165645624,41.39853399535218,TRUE,2023-07-11
2.1044907999999998,41.41361649382253,TRUE,2023-07-12
2.150486223399639,41.40591987743261,TRUE,2023-07-12
2.1817844566911546,41.42014967507176,TRUE,2023-07-12
2.1817844566911546,41.42014967507176,TRUE,2023-07-12
2.2034958165645624,41.39853399535218,TRUE,2023-07-12
2.1386331999999997,41.399714093816236,TRUE,2023-07-13
2.157517010694268,41.400869917290485,TRUE,2023-07-13
2.1578817442059512,41.407072360748955,TRUE,2023-07-13
2.1634567000000016,41.42691619382859,TRUE,2023-07-13
2.2030725131931224,41.39828913995907,TRUE,2023-07-13
2.2080556000000024,41.403251293817846,TRUE,2023-07-13
2.1222901000000007,41.37797029380632,TRUE,2023-07-14
2.140497259911101,41.37376190492098,TRUE,2023-07-14
2.1785203000000015,41.4179135938245,TRUE,2023-07-14
2.2082192999999988,41.40328219381787,TRUE,2023-07-16
2.1335253999999995,41.41951199382528,TRUE,2023-07-17
2.178652100265032,41.407733715497855,TRUE,2023-07-17
2.1960351000000036,41.392088493812736,TRUE,2023-07-17
2.1344116999999976,41.419595893825296,TRUE,2023-07-18
2.135389099999996,41.40419949381827,TRUE,2023-07-18
2.1541067060395447,41.41128677767923,TRUE,2023-07-18
2.1607941999999998,41.40280079381762,TRUE,2023-07-18
2.1888050000000017,41.386400893810176,TRUE,2023-07-18
2.1894855,41.43067929383034,TRUE,2023-07-18
2.1541067060395447,41.41128677767923,TRUE,2023-07-20
2.1365664000000057,41.37885269380676,TRUE,2023-07-21
2.2035001922214073,41.39853002585531,TRUE,2023-07-21
2.1071993000000036,41.41624559382376,TRUE,2023-07-23
2.1267851934060538,41.37914422934111,TRUE,2023-07-23
2.2048072896818174,41.41798502050802,TRUE,2023-07-26
2.17303633255957,41.39869772141854,TRUE,2023-07-29
2.179769076616468,41.44378866464202,TRUE,2023-07-29
2.179769076616468,41.44378866464202,TRUE,2023-08-01
2.1299222000000015,41.384328593809194,TRUE,2023-08-02
2.09534903048498,41.424688272143946,TRUE,2023-08-04
2.14381309888788,41.38440936429448,TRUE,2023-08-04
2.1600206374473054,41.43444272027415,TRUE,2023-08-04
2.147640700000001,41.430536493830246,TRUE,2023-08-05
2.169885799999999,41.4271893938287,TRUE,2023-08-05
2.1698956000000016,41.4271902938287,TRUE,2023-08-05
2.1456921000000038,41.43081369383039,TRUE,2023-08-06
2.1600096403333944,41.43444294968564,TRUE,2023-08-06
2.163976728916167,41.387042193836216,TRUE,2023-08-06
2.169925200000003,41.427186993828755,TRUE,2023-08-06
2.173402011394504,41.38720267901109,TRUE,2023-08-06
2.2035323000000044,41.39691609381495,TRUE,2023-08-06
2.141378112137321,41.4149161476913,TRUE,2023-08-07
2.1502120000000047,41.43076069383037,TRUE,2023-08-07
2.133423799999998,41.42901799382958,TRUE,2023-08-10
2.133483700000002,41.42909789382962,TRUE,2023-08-10
2.142277100000002,41.36954739380248,TRUE,2023-08-10
2.149422799999998,41.3897494938117,TRUE,2023-08-10
2.1699317999999996,41.42718579382875,TRUE,2023-08-10
2.190881800000005,41.38810569381094,TRUE,2023-08-10
2.2208616882562655,41.41367730773242,TRUE,2023-08-10
2.095336904751226,41.42471487020505,TRUE,2023-08-11
2.0953471202403384,41.42468774206733,TRUE,2023-08-11
2.0953471202403384,41.42468774206733,TRUE,2023-08-11
2.1503059999999996,41.40591229381908,TRUE,2023-08-11
2.1799282000000018,41.42197249382638,TRUE,2023-08-11
2.1334555999999982,41.42900879382956,TRUE,2023-08-12
2.1334784000000044,41.42910579382962,TRUE,2023-08-12
2.1599866303476927,41.43444498027877,TRUE,2023-08-13
2.1789528000000002,41.42147219382611,TRUE,2023-08-14
2.136549800000005,41.37893519380676,TRUE,2023-08-15
2.1365945999999996,41.37887339380676,TRUE,2023-08-16
2.2006168999999973,41.40249099381746,TRUE,2023-08-20
2.124017000000001,41.393678193813464,TRUE,2023-08-21
2.124048899999998,41.393674993813505,TRUE,2023-08-22
2.1226673573255543,41.395008873748615,TRUE,2023-08-23
2.130238400000005,41.37312259380415,TRUE,2023-08-23
2.1826626732945424,41.41112512739866,TRUE,2023-08-25
2.185529900000004,41.412830593822214,TRUE,2023-08-25
2.1300283000000038,41.38434069380925,TRUE,2023-08-27
2.149038447529288,41.38386309858683,TRUE,2023-08-28
2.150311800000002,41.410793493821245,TRUE,2023-08-28
2.191540864678026,41.434940934250356,TRUE,2023-08-28
2.09527270587194,41.42469024493828,TRUE,2023-09-03
2.1740609866073495,41.43002357791203,TRUE,2023-09-03
2.1044489,41.41351759382251,TRUE,2023-09-05
2.1753721000000006,41.39689319381493,TRUE,2023-09-05
2.1832690516819233,41.38426313736223,TRUE,2023-09-06
2.1855352000000017,41.4128293938222,TRUE,2023-09-06
2.106459700000003,41.39157769381252,TRUE,2023-09-07
2.150323700000001,41.41080879382125,TRUE,2023-09-07
2.1503312,41.41081079382128,TRUE,2023-09-07
2.1821395000000035,41.39897089381592,TRUE,2023-09-07
2.182164600000002,41.399009693815906,TRUE,2023-09-07
2.185543600000001,41.41279849382219,TRUE,2023-09-07
2.1900605410337493,41.38518451137551,TRUE,2023-09-07
2.1592609000000023,41.38717489381051,TRUE,2023-09-08
2.1855360000000035,41.412805293822174,TRUE,2023-09-08
2.1377497,41.37530899380514,TRUE,2023-09-09
2.133711300000007,41.376771293805795,TRUE,2023-09-11
2.1599318000000016,41.425822693828124,TRUE,2023-09-11
2.1514058000000005,41.4109982938214,TRUE,2023-09-12
2.1503451000000022,41.41081709382131,TRUE,2023-09-13
2.1886734000000025,41.386312893810114,TRUE,2023-09-13
2.190908200000002,41.388141593810964,TRUE,2023-09-13
2.1514662,41.41100119382137,TRUE,2023-09-14
2.162069928100475,41.38688193490995,TRUE,2023-09-14
2.1911632642149907,41.38796384624805,TRUE,2023-09-14
2.1372169999999997,41.381952393808156,TRUE,2023-09-15
2.191552855074406,41.38673706967615,TRUE,2023-09-15
2.104586900000005,41.4135563938225,TRUE,2023-09-16
2.136574600000003,41.37887359380676,TRUE,2023-09-16
2.1503286999999967,41.41081359382129,TRUE,2023-09-16
2.1504695000000003,41.410858893821285,TRUE,2023-09-16
2.1504768000000043,41.41088069382128,TRUE,2023-09-16
2.150482300000002,41.4108314938213,TRUE,2023-09-16
2.1513653174042684,41.41102932439121,TRUE,2023-09-16
2.1461302,41.43158119383074,TRUE,2023-09-17
2.150321999999998,41.4108115938213,TRUE,2023-09-17
2.151371352374553,41.411040388262805,TRUE,2023-09-17
2.1514575183391607,41.411044662939936,TRUE,2023-09-17
2.1353843,41.40420379381824,TRUE,2023-09-18
2.1503332999999967,41.41081549382129,TRUE,2023-09-19
2.1786983000000024,41.40758539381978,TRUE,2023-09-19
2.1460535000000025,41.409975293820864,TRUE,2023-09-20
2.1878229081630747,41.38640301619202,TRUE,2023-09-20
2.1880264207720734,41.38647445548505,TRUE,2023-09-20
2.1885929171713543,41.43209106862186,TRUE,2023-09-20
2.133401599999998,41.42903429382953,TRUE,2023-09-22
2.1403013000000026,41.41222129382195,TRUE,2023-09-22
2.189913,41.38527229380967,TRUE,2023-09-22
2.1366385000000037,41.37896959380678,TRUE,2023-09-23
2.1574766,41.40800189382001,TRUE,2023-09-23
2.157518600000002,41.40800849382,TRUE,2023-09-23
2.157542100000001,41.407988593819965,TRUE,2023-09-23
2.136715200000003,41.37898309380679,TRUE,2023-09-24
2.1138039477823716,41.41609411213569,TRUE,2023-09-25
2.104563500000002,41.413583593822544,TRUE,2023-09-26
2.1333901999999965,41.429015093829555,TRUE,2023-09-26
2.162525700000005,41.41428039382285,TRUE,2023-09-26
2.1908851999999985,41.38812049381094,TRUE,2023-09-26
2.1372894000000007,41.381926893808114,TRUE,2023-09-27
2.143569476902488,41.33496095468087,TRUE,2023-09-27
2.1575363000000016,41.40800729381996,TRUE,2023-09-27
2.1575710000000035,41.40794559381997,TRUE,2023-09-28
2.1625341000000025,41.41426859382287,TRUE,2023-09-28
2.1767241000000035,41.388983393811344,TRUE,2023-09-28
2.1882284000000034,41.38655079381024,TRUE,2023-09-28
2.1895646999999983,41.4306555938303,TRUE,2023-09-28
2.1301773999999973,41.384307593809254,TRUE,2023-09-29
2.1503007000000007,41.410790693821276,TRUE,2023-09-29
2.1503054000000015,41.41078589382128,TRUE,2023-09-29
2.150312900000004,41.41078419382128,TRUE,2023-09-29
2.1576419999999996,41.40795389382,TRUE,2023-09-29
2.1587678999999946,41.379361193807,TRUE,2023-09-29
2.181963500000001,41.39898729381588,TRUE,2023-09-29
2.1908115000000032,41.38809929381093,TRUE,2023-09-29
2.1908238000000013,41.388091793810965,TRUE,2023-09-29
2.1502892000000027,41.410787993821266,TRUE,2023-09-30
2.1503013999999965,41.410787893821265,TRUE,2023-09-30
2.1729733550231205,41.38490828422667,TRUE,2023-09-30
2.1372454,41.381953493808105,TRUE,2023-10-01
2.1513022854924233,41.41102580406804,TRUE,2023-10-01
2.185532000000002,41.412822793822244,TRUE,2023-10-01
2.203552700000003,41.40328429381785,TRUE,2023-10-01
2.2100667717850353,41.40540539922424,TRUE,2023-10-01
2.1502670000000026,41.41077979382127,TRUE,2023-10-02
2.1905943006277098,41.38834417498545,TRUE,2023-10-02
2.1907304227352107,41.388206331229206,TRUE,2023-10-02
2.157802269145082,41.39548291518969,TRUE,2023-10-03
2.159767100000001,41.40191229381727,TRUE,2023-10-03
2.176183025842314,41.408860249505004,TRUE,2023-10-03
2.189674356011759,41.377824154543404,TRUE,2023-10-03
2.1900365999999996,41.38515659380961,TRUE,2023-10-03
2.190554900000001,41.38814819381098,TRUE,2023-10-03
2.1367232000000045,41.37899019380681,TRUE,2023-10-04
2.159792600000002,41.40182579381719,TRUE,2023-10-04
2.162683840688083,41.378232116898594,TRUE,2023-10-04
2.1742991902408817,41.40151370800307,TRUE,2023-10-04
2.1855338000000013,41.41282959382218,TRUE,2023-10-04
2.136608199999998,41.3789315938068,TRUE,2023-10-05
2.1565357000000045,41.43252679383115,TRUE,2023-10-05
2.137654300000002,41.38163019380802,TRUE,2023-10-06
2.1610574000000033,41.38775469381079,TRUE,2023-10-06
2.161082799999998,41.38774169381077,TRUE,2023-10-06
2.19084206968546,41.38813288151715,TRUE,2023-10-06
2.1528948000000008,41.40504749381865,TRUE,2023-10-07
2.1610397999999984,41.38774519381075,TRUE,2023-10-07
2.1733843962897743,41.37880537117574,TRUE,2023-10-07
2.1761879941417437,41.4088637398706,TRUE,2023-10-07
2.1366927000000033,41.37897529380682,TRUE,2023-10-08
2.1515420079231307,41.411074082769254,TRUE,2023-10-08
2.174115278228821,41.430046410278976,TRUE,2023-10-08
2.1771219000000004,41.38875259381122,TRUE,2023-10-08
2.104649399999998,41.413578593822514,TRUE,2023-10-09
2.104649700000002,41.41358209382257,TRUE,2023-10-09
2.1491782861092505,41.37993888668167,TRUE,2023-10-09
2.1782885000000007,41.40771389381987,TRUE,2023-10-09
2.1796089783310886,41.42210985339535,TRUE,2023-10-09
2.1488864497225046,41.424302810516814,TRUE,2023-10-10
2.1514209732413336,41.41103007874612,TRUE,2023-10-10
2.1899418000000046,41.38531289380964,TRUE,2023-10-10
2.2034884135833077,41.398574690529024,TRUE,2023-10-10
2.1334002000000027,41.42903799382957,TRUE,2023-10-12
2.133409700000005,41.42903709382959,TRUE,2023-10-12
2.1489378796535474,41.42428639032724,TRUE,2023-10-12
2.175115942955019,41.38332979454626,TRUE,2023-10-12
2.1111622000000048,41.39124749381241,TRUE,2023-10-13
2.100566600000003,41.420491393825706,TRUE,2023-10-14
2.100612099999999,41.420618693825745,TRUE,2023-10-14
2.1305480999999964,41.384300393809184,TRUE,2023-10-14
2.174025624990467,41.39262724738759,TRUE,2023-10-14
2.174196000000003,41.39260419381299,TRUE,2023-10-14
2.200722499999999,41.402491693817474,TRUE,2023-10-14
2.169917821884155,41.42727383529675,TRUE,2023-10-15
2.1474046999999965,41.370918593803104,TRUE,2023-10-16
2.1366361000000027,41.37893519380676,TRUE,2023-10-18
2.1503409000000002,41.410818993821245,TRUE,2023-10-18
2.1885756062674964,41.43215373489345,TRUE,2023-10-18
2.1371699000000035,41.36321329379962,TRUE,2023-10-20
2.1907652914524047,41.388446551454706,TRUE,2023-10-20
2.1855444000000013,41.412804593822194,TRUE,2023-10-22
2.178660100000001,41.40760549381986,TRUE,2023-10-23
2.162435800000003,41.41431549382292,TRUE,2023-10-24
2.203520348574875,41.39856199512349,TRUE,2023-10-24
2.1397979000000005,41.37379119380441,TRUE,2023-10-25
2.150403000000003,41.40598439381913,TRUE,2023-10-26
2.150420700000001,41.40596209381909,TRUE,2023-10-26
2.151558436453344,41.41066069522864,TRUE,2023-10-26
2.104624200000005,41.413585193822506,TRUE,2023-10-27
2.1495840000000057,41.38960769381162,TRUE,2023-10-30
2.1822105000000014,41.40331509381787,TRUE,2023-10-31
2.1911155999999994,41.38784259381084,TRUE,2023-11-02
2.1376076000000035,41.381754293808044,TRUE,2023-11-05
2.1334375000000008,41.429037893829594,TRUE,2023-11-12
2.1334419000000033,41.429041593829545,TRUE,2023-11-12
2.1504937,41.410882593821306,TRUE,2023-11-12
2.1695409715175633,41.42817807437686,TRUE,2023-11-12
2.1821372999999986,41.39901599381593,TRUE,2023-11-14
2.1503672999999988,41.410778893821245,TRUE,2024-01-15
2.150336000000004,41.410809493821304,TRUE,2024-01-18
2.1625414575758097,41.378322165926235,TRUE,2024-02-07
2.2035517028972604,41.39841706704118,TRUE,2024-03-12
2.1684683005036454,41.40212902724607,TRUE,2024-03-26
2.1683849394321464,41.429056408537015,TRUE,2024-04-05
2.2035979732629913,41.39840167247398,TRUE,2024-04-08
2.150351899999999,41.4108304938213,TRUE,2024-04-09
2.1503520000000034,41.41082979382127,TRUE,2024-04-09
2.186486162245271,41.448004818170396,TRUE,2024-04-11
2.137453499999998,41.381890693808096,TRUE,2024-04-13
2.1599244000000017,41.4018651938172,TRUE,2024-04-13
2.1844091266393697,41.448784874996306,TRUE,2024-04-13
2.133334200000004,41.42901089382953,TRUE,2024-04-14
2.150348100000003,41.41081229382128,TRUE,2024-04-14
2.1503495,41.41082919382128,TRUE,2024-04-14
2.137417,41.38190609380812,TRUE,2024-04-15
2.137410600000001,41.381911893808095,TRUE,2024-04-17
2.1046291000000013,41.413587593822534,TRUE,2024-04-20
2.137450100000001,41.38190009380812,TRUE,2024-05-01
2.1502871000000017,41.41088099382131,TRUE,2024-05-01
2.1504234000000038,41.41083869382129,TRUE,2024-05-01
2.1662603000000016,41.4163746938238,TRUE,2024-05-08
2.2035754331702915,41.39839722447487,TRUE,2024-05-12
2.151266410946848,41.41064460222988,TRUE,2024-05-14
2.1515101000000016,41.41092909382134,TRUE,2024-05-17
2.157527699999999,41.378110493806425,TRUE,2024-05-17
2.159291899999999,41.38714699381049,TRUE,2024-05-17
2.1374164999999983,41.38190019380811,TRUE,2024-05-20
2.1891946000000004,41.418798993824936,TRUE,2024-05-21
2.179672345519065,41.42712802965113,TRUE,2024-05-22
2.2033719002995737,41.39847069779445,TRUE,2024-05-22
2.1710021048784274,41.38831399024631,TRUE,2024-05-26
2.1591064000000038,41.386973593810424,TRUE,2024-05-28
2.1595408,41.40444119381837,TRUE,2024-05-28
2.159647100000002,41.40445349381837,TRUE,2024-05-28
2.1599129000000024,41.387100093810496,TRUE,2024-05-29
2.159762122534719,41.39327493251379,TRUE,2024-06-04
2.1596383000000037,41.40444539381838,TRUE,2024-06-05
2.159683300000002,41.4044415938184,TRUE,2024-06-05
2.1365579999999973,41.37892109380676,TRUE,2024-06-09
2.1367753000000045,41.37886139380674,TRUE,2024-06-09
2.1703611001459513,41.423849689835386,TRUE,2024-06-10
2.1374477,41.38190569380816,TRUE,2024-06-12
2.150329200000005,41.41080309382131,TRUE,2024-06-13
2.1528368443250616,41.404670052433914,TRUE,2024-06-13
2.1758787703260403,41.40889904504363,TRUE,2024-06-13
2.1303007000000003,41.3717274938035,TRUE,2024-06-16
2.1241370323963955,41.377174283192154,TRUE,2024-06-18
2.130205400000003,41.371765393803486,TRUE,2024-06-18
2.1575143000000008,41.40804569381999,TRUE,2024-06-18
2.1374821000000037,41.38190659380808,TRUE,2024-06-21
2.183073900000002,41.41388119382269,TRUE,2024-06-22
2.1366032000000024,41.37891159380674,TRUE,2024-06-23
2.1335057000000015,41.42889109382951,TRUE,2024-06-24
2.136621300000001,41.37887329380675,TRUE,2024-06-24
2.1460187251562584,41.37823688467279,TRUE,2024-06-24
2.1576291999999992,41.40797039382003,TRUE,2024-06-24
2.189168301070666,41.386539289953895,TRUE,2024-06-24
2.189841960771432,41.386455731089555,TRUE,2024-06-24
2.1906492859125155,41.43944971362171,TRUE,2024-06-25
2.16473725835922,41.4253688951682,TRUE,2024-06-26
2.165634900000001,41.37929739380692,TRUE,2024-06-26
2.176194100571433,41.40879823845613,TRUE,2024-06-26
2.1352281266674087,41.39520698061208,TRUE,2024-06-27
2.1647941321134545,41.42544319652501,TRUE,2024-06-27
2.2035022581725063,41.39857887678992,TRUE,2024-06-27
2.1329311962314903,41.37755672424959,TRUE,2024-06-28
2.133376600000004,41.42903539382957,TRUE,2024-06-28
2.135137212182061,41.39543173913591,TRUE,2024-06-28
2.189291700000002,41.418823593824904,TRUE,2024-06-28
2.133372300000001,41.42905579382956,TRUE,2024-06-29
2.133374900000004,41.42905229382959,TRUE,2024-06-29
2.1743459000000005,41.449159993838705,TRUE,2024-06-29
2.1743553999999996,41.44916119383871,TRUE,2024-06-29
2.1333682999999963,41.429049793829556,TRUE,2024-06-30
2.133372400000002,41.42905719382961,TRUE,2024-06-30
2.148888967931271,41.4239614524795,TRUE,2024-06-30
2.162398400000002,41.41428899382291,TRUE,2024-06-30
2.1634325757642903,41.38378163650058,TRUE,2024-06-30
2.164772364251491,41.425371234460904,TRUE,2024-06-30
2.1575340000000036,41.40803369382004,TRUE,2024-07-02
2.1624735000000057,41.41432689382286,TRUE,2024-07-02
2.137392099999999,41.427671593828926,TRUE,2024-07-03
2.1503456000000027,41.41080789382127,TRUE,2024-07-04
2.1648220978305743,41.42540542973063,TRUE,2024-07-04
2.1761901895359084,41.40880597514425,TRUE,2024-07-04
2.1761926967032235,41.408830291341175,TRUE,2024-07-04
2.1356465681881915,41.38208956631428,TRUE,2024-07-05
2.150338100000003,41.41077789382125,TRUE,2024-07-05
2.1648384250656907,41.42547933162366,TRUE,2024-07-05
2.1761438726048405,41.40879871970308,TRUE,2024-07-05
2.176151268840263,41.40881239876703,TRUE,2024-07-05
2.1333719000000033,41.42905469382958,TRUE,2024-07-06
2.155539486641912,41.37883696336774,TRUE,2024-07-07
2.164742416474687,41.425358378531286,TRUE,2024-07-07
2.164742416474687,41.425358378531286,TRUE,2024-07-07
2.164963144922057,41.425355836472924,TRUE,2024-07-07
2.164742416474687,41.425358378531286,TRUE,2024-07-08
2.164742416474687,41.425358378531286,TRUE,2024-07-08
2.1900320425629634,41.380950507571775,TRUE,2024-07-08
2.1760332805500515,41.4088287937619,TRUE,2024-07-11
2.1760718515236324,41.4088324694501,TRUE,2024-07-11
2.1333731000000045,41.42905379382958,TRUE,2024-07-12
2.143856399999999,41.4083852938202,TRUE,2024-07-12
2.1575213999999976,41.40805579382,TRUE,2024-07-12
2.159589100000004,41.43316589383146,TRUE,2024-07-14
2.164740880485105,41.42535542036494,TRUE,2024-07-14
2.1333620000000044,41.429048493829555,TRUE,2024-07-15
2.1366033000000018,41.37892029380676,TRUE,2024-07-15
2.1366078999999982,41.378888293806725,TRUE,2024-07-15
2.1366284000000015,41.378858793806764,TRUE,2024-07-15
2.1500216195617647,41.441516093799294,TRUE,2024-07-15
2.133357600000002,41.42905339382961,TRUE,2024-07-16
2.133373799999999,41.42905989382955,TRUE,2024-07-16
2.1333787999999965,41.42905789382957,TRUE,2024-07-16
2.156293437762774,41.43754601794274,TRUE,2024-07-16
2.1761279706303216,41.408838027097545,TRUE,2024-07-16
2.1333961,41.42907679382958,TRUE,2024-07-17
2.1761300926281377,41.40883839881564,TRUE,2024-07-17
2.1368194,41.37899079380681,TRUE,2024-07-18
2.1368222000000032,41.37898469380676,TRUE,2024-07-18
2.141805171575619,41.42202802136119,TRUE,2024-07-18
2.1503471000000003,41.410813193821305,TRUE,2024-07-18
2.1683767000000027,41.425333293827904,TRUE,2024-07-18
2.1683795,41.42532109382789,TRUE,2024-07-18
2.1333660999999977,41.429051993829574,TRUE,2024-07-19
2.133367699999998,41.429050593829615,TRUE,2024-07-19
2.1333725000000046,41.42904589382958,TRUE,2024-07-19
2.1333752000000006,41.4290522938296,TRUE,2024-07-19
2.1333862000000012,41.4290705938296,TRUE,2024-07-19
2.1422119999999953,41.39357419381345,TRUE,2024-07-19
2.1333695000000006,41.42901539382953,TRUE,2024-07-20
2.133372100000005,41.42903249382957,TRUE,2024-07-20
2.1333741000000055,41.4290502938296,TRUE,2024-07-20
2.133378100000005,41.429049893829585,TRUE,2024-07-20
2.133383999999996,41.42899919382957,TRUE,2024-07-20
2.133397000000003,41.428995493829525,TRUE,2024-07-20
2.1334190000000057,41.42897949382953,TRUE,2024-07-20
2.1366157000000023,41.378859093806774,TRUE,2024-07-20
2.136750900000001,41.378902493806756,TRUE,2024-07-20
2.133370000000003,41.42905819382958,TRUE,2024-07-21
2.133372999999997,41.42904999382956,TRUE,2024-07-21
2.133374000000001,41.42905489382958,TRUE,2024-07-21
2.135829962790015,41.377741678090956,TRUE,2024-07-21
2.1595954308391354,41.432962407687334,TRUE,2024-07-21
2.1647392262663656,41.425353920266296,TRUE,2024-07-21
2.1647392262663656,41.425353920266296,TRUE,2024-07-21
2.1334080000000033,41.42908729382963,TRUE,2024-07-22
2.132956685688229,41.37743497919892,TRUE,2024-07-23
2.1647388056178283,41.42535334449188,TRUE,2024-07-23
2.1422161999999974,41.393618893813475,TRUE,2024-07-25
2.156771644949911,41.39621562502899,TRUE,2024-07-25
2.1598640813921457,41.39324460548703,TRUE,2024-07-25
2.136664000000003,41.378903593806726,TRUE,2024-07-26
2.1368018999999987,41.37899149380677,TRUE,2024-07-26
2.133350299999997,41.42905539382958,TRUE,2024-07-27
2.133359200000004,41.429067593829586,TRUE,2024-07-27
2.1558714999999977,41.408351393820126,TRUE,2024-07-27
2.133354999999994,41.42905179382958,TRUE,2024-07-28
2.1367504000000053,41.378958093806766,TRUE,2024-07-28
2.155759900000001,41.4084336938202,TRUE,2024-07-29
2.163032926920269,41.407887724649626,TRUE,2024-07-29
2.130234583957922,41.33282417468954,TRUE,2024-07-30
2.1647364197786843,41.42534997988503,TRUE,2024-07-30
2.137367700000002,41.381938793808175,TRUE,2024-07-31
2.1558349999999997,41.40845329382021,TRUE,2024-07-31
2.130304945729359,41.33279834878738,TRUE,2024-08-02
2.1449381358957824,41.413204556946155,TRUE,2024-08-02
2.1449381358957824,41.413204556946155,TRUE,2024-08-02
2.144939670737229,41.4132040981504,TRUE,2024-08-02
2.1818371477684115,41.4201173441107,TRUE,2024-08-05
2.2206411000000026,41.41361229382256,TRUE,2024-08-05
2.1137649211007443,41.41609342960957,TRUE,2024-08-07
2.113865618451549,41.41608533158683,TRUE,2024-08-07
2.203573888111396,41.39847214428725,TRUE,2024-08-10
2.155864899999998,41.40832789382015,TRUE,2024-08-12
2.176312666500238,41.40873592958724,TRUE,2024-08-14
2.133378599999999,41.42906049382956,TRUE,2024-08-15
2.1902009000000056,41.3916827938126,TRUE,2024-08-15
2.1558319000000026,41.4084195938202,TRUE,2024-08-19
2.163539528846739,41.42699479317138,TRUE,2024-08-19
2.174242100000003,41.41926249382517,TRUE,2024-08-19
2.155803600000002,41.40844409382018,TRUE,2024-08-20
2.1625172999999993,41.41425709382283,TRUE,2024-08-26
2.1490196000000057,41.39292549381312,TRUE,2024-08-27
2.133355800000001,41.42900339382955,TRUE,2024-08-28
2.2007038000000034,41.402333693817404,TRUE,2024-09-01
2.136595600000002,41.37883519380672,TRUE,2024-09-07
2.1502638999999997,41.410780893821276,TRUE,2024-09-19
2.1506006700000038,41.378810873806714,TRUE,2024-09-19
2.1506006700000038,41.378810873806714,TRUE,2024-09-19
2.136831899999998,41.3789600938068,TRUE,2024-09-20
2.157522600000002,41.40804719382003,TRUE,2024-09-21
2.133346700000004,41.42900779382961,TRUE,2024-09-22
2.1366078000000006,41.378865493806735,TRUE,2024-09-22
2.1570180729031576,41.40951405908619,TRUE,2024-09-22
2.178452500000005,41.415219693823296,TRUE,2024-09-22
2.1046726000000002,41.413561393822526,TRUE,2024-09-24
2.1333388000000006,41.42900829382958,TRUE,2024-09-24
2.133477900000004,41.42901249382957,TRUE,2024-09-24
2.1504754000000057,41.410869393821336,TRUE,2024-09-24
2.133207944114305,41.38341199847882,TRUE,2024-09-28
2.1723736999999996,41.42260179382663,TRUE,2024-09-29
2.103379225561602,41.385063701303935,TRUE,2024-10-01
2.1138371865069514,41.41610788987421,TRUE,2024-10-04
2.1138371865069514,41.41610788987421,TRUE,2024-10-04
2.150352700000004,41.410835793821285,TRUE,2024-10-04
2.130265000000001,41.3717350938035,TRUE,2024-10-06
2.157544700000004,41.40804669382004,TRUE,2024-10-06
2.1329636664095615,41.377477296174966,TRUE,2024-10-07
2.1587714999999985,41.379384993807,TRUE,2024-10-07
2.1798267285796005,41.443807121299876,TRUE,2024-10-08
2.1733788360408135,41.3787665535863,TRUE,2024-10-13
2.13919347643063,41.400639109129365,TRUE,2024-10-17
2.1764833932581094,41.40876678855554,TRUE,2024-10-19
2.150246199999998,41.41072339382125,TRUE,2024-10-28
2.1661242000000005,41.37822399380644,TRUE,2024-10-28
2.175344601273537,41.38567302286129,TRUE,2024-10-30
2.1333491000000033,41.42900059382956,TRUE,2024-11-01
2.1333605000000033,41.42900319382954,TRUE,2024-11-01
2.1660535999999975,41.378178893806435,TRUE,2024-11-06
2.162150479853154,41.386897052514094,TRUE,2024-11-07
2.1367079000000007,41.37893629380676,TRUE,2024-11-15
2.1201395111772197,41.386095532746054,TRUE,2024-11-20
2.120164805885949,41.38559938718081,TRUE,2024-11-20
2.1201466999999994,41.38470239380937,TRUE,2024-11-21
2.1560729295015353,41.401424167262455,TRUE,2024-11-30
2.1762500346770515,41.40877116241758,TRUE,2024-12-02
2.177014611661431,41.38577414578963,TRUE,2025-03-15
2.2034287041547533,41.398480018655256,TRUE,2025-04-07
2.203428896314006,41.39848003828177,TRUE,2025-04-07
2.1697438135743154,41.388396243627525,TRUE,2025-04-11
2.1374075000000006,41.381885693808144,TRUE,2025-04-22
2.163052887057327,41.40786023092755,TRUE,2025-05-01
2.136588999999997,41.37880469380675,TRUE,2025-05-10
2.2035261571089944,41.398496983103,TRUE,2025-05-13
2.1663032099604624,41.387665266507085,TRUE,2025-05-15
2.203495112895272,41.39863604502243,TRUE,2025-05-18
2.179256699999999,41.4266473938285,TRUE,2025-05-19
2.1746572999999985,41.43484519383219,TRUE,2025-05-29
2.1960599000000016,41.392033693812735,TRUE,2025-06-01
2.2036455090922438,41.398453815678586,TRUE,2025-06-04
2.133320299999999,41.42902829382958,TRUE,2025-06-06
2.1599671657464703,41.4377606490961,TRUE,2025-06-10
2.1333232000000018,41.429006893829545,TRUE,2025-06-12
2.1694175899028765,41.38653331737872,TRUE,2025-06-13
2.133265400000002,41.42899139382952,TRUE,2025-06-15
2.1333241000000047,41.42900809382953,TRUE,2025-06-15
2.1910501407837084,41.432549276104744,TRUE,2025-06-22
2.136671800000004,41.37889589380673,TRUE,2025-06-23
2.133313699999999,41.429025993829555,TRUE,2025-06-24
2.1333325000000007,41.42902719382956,TRUE,2025-06-24
2.158311444708425,41.39538134226662,TRUE,2025-06-25
2.1744102000000036,41.39730709381511,TRUE,2025-06-30
2.133326000000004,41.42901109382953,TRUE,2025-07-06
2.1503756999999983,41.41082769382129,TRUE,2025-07-11
2.178191300000006,41.38236289380837,TRUE,2025-07-21
2.133064199999997,41.37198559380363,TRUE,2025-07-22
2.1901292999999984,41.391613293812604,TRUE,2025-07-24
2.162501999999994,41.414241693822845,TRUE,2025-07-28
2.1332615999999978,41.42901539382954,TRUE,2025-08-03
2.133296700000005,41.42902039382958,TRUE,2025-08-03
2.157507100000001,41.40801189382,TRUE,2025-08-03
2.104576599999999,41.41363579382255,TRUE,2025-08-06
2.1383135405314366,41.37657986668967,TRUE,2025-08-11
2.1252613887190854,41.4011950605409,TRUE,2025-08-12
2.1332869000000025,41.42902649382953,TRUE,2025-08-14
2.1333199000000014,41.429020893829524,TRUE,2025-08-14
2.1333216000000013,41.429013193829554,TRUE,2025-08-14
2.1333232000000018,41.4290234938296,TRUE,2025-08-14
2.1333291999999986,41.42902519382956,TRUE,2025-08-14
2.1333338999999993,41.429021993829544,TRUE,2025-08-14
2.1333354000000035,41.429028593829564,TRUE,2025-08-14
2.133345499999998,41.42901669382954,TRUE,2025-08-14
2.133347899999996,41.429011993829526,TRUE,2025-08-14
2.1333569000000043,41.42902379382957,TRUE,2025-08-14
2.1537257000000016,41.4348416938322,TRUE,2025-08-15
2.150811441242696,41.407253919643146,TRUE,2025-08-16
2.150352112948893,41.40637654793426,TRUE,2025-08-23
2.1422262341661216,41.36936982764666,TRUE,2025-08-25
2.133308299999999,41.428998493829596,TRUE,2025-08-30
2.133356800000002,41.429002893829576,TRUE,2025-08-30
2.1333730000000033,41.428991093829545,TRUE,2025-08-30
2.1333460999999994,41.42902639382954,TRUE,2025-09-03
2.157532000000002,41.40798799382003,TRUE,2025-09-03
2.1333083000000026,41.42904699382959,TRUE,2025-09-04
2.11575463414192,41.40558994608634,TRUE,2025-09-05
2.133299300000005,41.429044893829584,TRUE,2025-09-06
2.133307700000001,41.429043893829615,TRUE,2025-09-06
2.1332906000000027,41.42905299382957,TRUE,2025-09-07
2.133323100000001,41.429047093829595,TRUE,2025-09-07
2.1861946774584227,41.43768398909487,TRUE,2025-09-07
2.2034879000000043,41.4070940938196,TRUE,2025-09-07
2.1378744766116187,41.36982094012404,TRUE,2025-09-13
2.137917499999996,41.36998749380268,TRUE,2025-09-13
2.1503881000000002,41.410814093821294,TRUE,2025-09-13
2.145932700000003,41.380135993807315,TRUE,2025-09-14
2.180272300000003,41.38716089381051,TRUE,2025-09-14
2.1469470486044875,41.3784815719861,TRUE,2025-09-15
2.1910565589913062,41.43254768379345,TRUE,2025-09-15
2.1333517,41.42901129382959,TRUE,2025-09-16
2.1561000036270883,41.39439255348951,TRUE,2025-09-16
2.1807093000000024,41.40550189381886,TRUE,2025-09-17
2.180719099999997,41.405528193818874,TRUE,2025-09-17
2.1807443000000006,41.40553629381886,TRUE,2025-09-17
2.1807841000000012,41.405524693818876,TRUE,2025-09-17
2.1438236162066477,41.36984761089364,TRUE,2025-09-18
2.0953130553368395,41.42470949500396,TRUE,2025-09-19
2.0953130553368395,41.42470949500396,TRUE,2025-09-19
2.1332982999999994,41.429037093829585,TRUE,2025-09-19
2.1333039999999976,41.42903869382955,TRUE,2025-09-19
2.1333043000000043,41.429042393829576,TRUE,2025-09-19
2.0953072174069702,41.424707980655775,TRUE,2025-09-21
2.1332896999999997,41.42903669382958,TRUE,2025-09-21
2.1333034000000044,41.42903069382956,TRUE,2025-09-21
2.1333084999999965,41.42903739382958,TRUE,2025-09-21
2.1503796000000004,41.410824493821245,TRUE,2025-09-21
2.191169900000001,41.43303959383138,TRUE,2025-09-22
2.108636800000002,41.383403193808824,TRUE,2025-09-23
2.1711452999999983,41.37882829380675,TRUE,2025-09-23
2.1907153000000017,41.45315819384056,TRUE,2025-09-25
2.1503698000000058,41.41082569382128,TRUE,2025-09-26
2.1683283194635363,41.40206596716292,TRUE,2025-09-26
2.095315462415822,41.42470580764797,TRUE,2025-09-27
2.095315462415822,41.42470580764797,TRUE,2025-09-27
2.133360700000004,41.42902419382955,TRUE,2025-09-29
2.144832400000003,41.39204559381277,TRUE,2025-09-29
2.1625398999999987,41.41421209382278,TRUE,2025-09-29
2.1375316000000004,41.38186729380811,TRUE,2025-10-01
2.1579783999999993,41.40175119381717,TRUE,2025-10-01
2.1956195000000007,41.3927790938131,TRUE,2025-10-03
2.203531800000004,41.40701839381955,TRUE,2025-10-04
2.095286234554105,41.42469733621509,TRUE,2025-10-05
2.1510374173522013,41.411587796102054,TRUE,2025-10-06
2.1687246198458,41.38025247498597,TRUE,2025-10-06
2.1333298,41.429024493829544,TRUE,2025-10-07
2.1391699635515184,41.4006272166603,TRUE,2025-10-07
2.1990168469071443,41.41341850612951,TRUE,2025-10-07
2.205992299999999,41.409502893820665,TRUE,2025-10-10
2.1918924897909187,41.43019138771384,TRUE,2025-10-11
2.2022996,41.39777239381533,TRUE,2025-10-11
2.1574999000000017,41.40802059382002,TRUE,2025-10-12
2.1334046000000035,41.42900939382958,TRUE,2025-10-18
2.1503742000000003,41.41081899382124,TRUE,2025-10-18
2.0952794922027844,41.42471028963615,TRUE,2025-10-19
2.0952843019054277,41.424685145048414,TRUE,2025-10-19
2.1503620999999993,41.41082889382129,TRUE,2025-10-22
2.1460232,41.38019349380736,TRUE,2025-10-23
2.159848100000002,41.43767979383347,TRUE,2025-10-30
2.0953008905246073,41.424698214722184,TRUE,2025-11-03
2.1958907762362094,41.39032277845481,TRUE,2025-11-04
2.186048962175848,41.40107887219124,TRUE,2025-12-22
